Workbook

Sheet Données brutes
A1: id_questionnaire | B1: pages_source | C1: etablissement | D1: ville | E1: departement | F1: type_etablissement | G1: sexe | H1: age | I1: anciennete | J1: statut | K1: statut_autre | L1: diplome_pro | M1: diplome_academique | N1: discipline | O1: discipline_autre | P1: formation_12mois | Q1: nb_jours_formation | R1: formation_distance | S1: satisfaction_distance | T1: equipements__smartphone | U1: equipements__ordinateur_tablette | V1: equipements__connexion_internet_a_domicil | W1: equipements__aucun_de_ces_equipements | X1: equipements | Y1: ame_a | Z1: ame_b | AA1: ame_c | AB1: q1 | AC1: q2 | AD1: q3 | AE1: q4 | AF1: q5 | AG1: q6 | AH1: q7__ministere | AI1: q7__inspection | AJ1: q7__etablissement | AK1: q7__ong_partenaires | AL1: q7__initiative_personnelle | AM1: q7__autre | AN1: q7 | AO1: q8 | AP1: q9 | AQ1: q10 | AR1: q11 | AS1: q12 | AT1: q13 | AU1: q14 | AV1: q15__visite_de_classe_en_situatio | AW1: q15__entretien_individuel_avec_un | AX1: q15__mentorat_tutorat_par_un_pair | AY1: q15__reunion_collective_de_suivi_ | AZ1: q15__aucun_accompagnement_recu | BA1: q15 | BB1: q16 | BC1: q17 | BD1: q18 | BE1: q19 | BF1: q20 | BG1: q21 | BH1: q22 | BI1: q23 | BJ1: q24 | BK1: q25 | BL1: q26 | BM1: q27 | BN1: q28 | BO1: q29 | BP1: q30 | BQ1: q31 | BR1: q32 | BS1: q33 | BT1: q34 | BU1: q35 | BV1: q36 | BW1: q37 | BX1: q38 | BY1: q39 | BZ1: q40 | CA1: q41 | CB1: q42__acces_limite_a_internet | CC1: q42__materiel_insuffisant | CD1: q42__manque_de_competences_numeri | CE1: q42__pas_d_obstacle_majeur | CF1: q42 | CG1: q43 | CH1: q44 | CI1: q45 | CJ1: q46 | CK1: q47 | CL1: q48 | CM1: q49 | CN1: q50a | CO1: q50b | CP1: q50c | CQ1: q50d | CR1: a_verifier | CS1: verifie | CT1: remarques
A2: 1 | B2: 1-2-3-4 | C2: CEG 1 Porto-Novo | D2: Cotonou | E2: ZOU | F2: Public | G2: Masculin | H2: moins de 30 ans | I2: 11-20 ans | J2: FE | M2: Maîtrise | N2: Sciences et Technologies | P2: Non | Q2: 1 à 2 jours | R2: Non | S2: 3 | T2: 0 | U2: 1 | V2: 0 | W2: 1 | X2: Aucun de ces équipements | Ordinateur/tablette | AB2: 4 | AC2: 5 | AD2: 4 | AE2: 4 | AF2: 3 | AG2: 2 | AH2: 0 | AI2: 0 | AJ2: 1 | AK2: 0 | AL2: 0 | AM2: 0 | AN2: Établissement | AO2: 1 | AP2: 5 | AQ2: 3 | AR2: 4 | AS2: 4 | AT2: 4 | AU2: 2 | AV2: 0 | AW2: 0 | AX2: 0 | AY2: 1 | AZ2: 0 | BA2: Réunion collective de suivi (conseil d'enseignement, animation pédagogique) | BB2: Jamais | BC2: 3 | BD2: 2 | BE2: 2 | BF2: 4 | BG2: 5 | BH2: 4 | BI2: 2 | BJ2: 3 | BK2: 5 | BL2: 3 | BM2: 4 | BN2: 4 | BO2: 5 | BP2: 3 | BQ2: 4 | BR2: 4 | BS2: 3 | BT2: 3 | BU2: 3 | BV2: 5 | BW2: 4 | BX2: 3 | BY2: 2 | BZ2: 4 | CA2: Parfois | CB2: 0 | CC2: 1 | CD2: 0 | CE2: 0 | CF2: Matériel insuffisant | CG2: 3 | CH2: 2 | CI2: 3 | CJ2: 5 | CK2: À distance (en ligne) | CL2: Modules répartis sur plusieurs semaines | CM2: Oui, absolument | CN2: Motiver les enseignants et former les encadreurs. | CP2: Motiver les enseignants et former les encadreurs. | CQ2: Manque de moyens et de suivi de proximité.
A3: 2 | B3: 5-6-7-8 | C3: CEG 7 Lokossa | D3: Cotonou | E3: ATACORA | G3: Masculin | H3: 50 ans et plus | I3: plus de 20 ans | J3: AME | L3: CAPES | M3: Licence | N3: Sciences et Technologies | P3: Non | Q3: 6 à 10 jours | R3: Non | S3: 2 | T3: 0 | U3: 1 | V3: 0 | W3: 1 | X3: Aucun de ces équipements | Ordinateur/tablette | Y3: 1 | Z3: 5 | AA3: 4 | AB3: 5 | AC3: 2 | AD3: 1 | AE3: 4 | AF3: 3 | AG3: 3 | AH3: 0 | AI3: 0 | AJ3: 0 | AK3: 1 | AL3: 0 | AM3: 1 | AN3: ONG/Partenaires | Autre | AO3: 4 | AP3: 5 | AQ3: 3 | AR3: 4 | AS3: 3 | AT3: 2 | AU3: 2 | AV3: 0 | AW3: 0 | AX3: 0 | AY3: 1 | AZ3: 1 | BA3: Aucun accompagnement reçu | Réunion collective de suivi (conseil d'enseignement, animation pédagogique) | BB3: 1 à 2 fois | BC3: 3 | BD3: 3 | BE3: 1 | BF3: 4 | BG3: 4 | BH3: 4 | BI3: 5 | BJ3: 2 | BK3: 4 | BL3: 2 | BM3: 5 | BN3: 2 | BO3: 3 | BP3: 3 | BR3: 2 | BS3: 4 | BT3: 4 | BU3: 5 | BV3: 1 | BW3: 3 | BX3: 4 | BZ3: 3 | CA3: Très souvent | CB3: 0 | CC3: 0 | CD3: 1 | CE3: 0 | CF3: Manque de compétences numériques | CG3: 4 | CH3: 3 | CI3: 3 | CJ3: 3 | CK3: Présentiel pur | CL3: Formation longue (plusieurs semaines continues) | CM3: Non, pas nécessaire | CO3: Manque de moyens et de suivi de proximité. | CP3: Manque de moyens et de suivi de proximité. | CR3: oui
A4: 3 | B4: 9-10-11-12 | C4: CEG 2 Natitingou | D4: Cotonou | E4: LITTORAL | F4: Public | G4: Masculin | H4: 50 ans et plus | I4: moins de 5 ans | J4: ACDPE | L4: Master Pro | N4: Sciences et Technologies | Q4: 3 à 5 jours | R4: Oui | S4: 3 | T4: 1 | U4: 0 | V4: 0 | W4: 1 | X4: Smartphone | Aucun de ces équipements | AB4: 3 | AC4: 1 | AD4: 2 | AE4: 4 | AF4: 5 | AG4: 4 | AH4: 1 | AI4: 0 | AJ4: 0 | AK4: 0 | AL4: 0 | AM4: 0 | AN4: Ministère | AO4: 5 | AP4: 3 | AQ4: 5 | AR4: 4 | AS4: 5 | AT4: 3 | AU4: 3 | AV4: 1 | AW4: 0 | AX4: 0 | AY4: 0 | AZ4: 1 | BA4: Visite de classe en situation | Aucun accompagnement reçu | BC4: 1 | BD4: 4 | BE4: 5 | BF4: 2 | BG4: 5 | BH4: 4 | BI4: 2 | BJ4: 1 | BK4: 3 | BL4: 3 | BM4: 5 | BN4: 2 | BO4: 3 | BP4: 4 | BQ4: 5 | BR4: 3 | BS4: 2 | BT4: 3 | BU4: 4 | BV4: 4 | BW4: 5 | BX4: 4 | BY4: 5 | BZ4: 5 | CA4: Très souvent | CB4: 0 | CC4: 1 | CD4: 1 | CE4: 0 | CF4: Matériel insuffisant | Manque de compétences numériques | CG4: 3 | CH4: 4 | CI4: 4 | CJ4: 2 | CK4: Présentiel pur | CL4: Une journée complète | CM4: Non, pas nécessaire | CN4: Motiver les enseignants et former les encadreurs. | CO4: Manque de moyens et de suivi de proximité. | CP4: Manque de moyens et de suivi de proximité. | CQ4: Manque de moyens et de suivi de proximité. | CR4: oui
A5: 4 | B5: 13-14-15-16 | C5: CEG 6 Cotonou | D5: Abomey | E5: MONO | F5: Public | H5: 30-39 ans | I5: 5-10 ans | J5: ACDPE | L5: Master Pro | M5: Master | N5: Sciences et Technologies | P5: Non | Q5: 6 à 10 jours | R5: Oui | S5: 5 | T5: 0 | U5: 1 | V5: 0 | W5: 1 | X5: Aucun de ces équipements | Ordinateur/tablette | AB5: 5 | AC5: 5 | AD5: 3 | AE5: 1 | AF5: 2 | AG5: 2 | AH5: 1 | AI5: 0 | AJ5: 0 | AK5: 0 | AL5: 0 | AM5: 1 | AN5: Ministère | Autre | AO5: 3 | AP5: 4 | AQ5: 3 | AR5: 2 | AS5: 2 | AT5: 2 | AU5: 4 | AV5: 0 | AW5: 0 | AX5: 1 | AY5: 1 | AZ5: 0 | BA5: Réunion collective de suivi (conseil d'enseignement, animation pédagogique) | Mentorat/tutorat par un pair | BB5: 3 à 5 fois | BC5: 5 | BD5: 2 | BE5: 2 | BF5: 4 | BG5: 4 | BH5: 3 | BI5: 3 | BK5: 2 | BL5: 4 | BM5: 1 | BN5: 2 | BO5: 3 | BP5: 1 | BQ5: 3 | BS5: 2 | BT5: 3 | BU5: 5 | BV5: 4 | BW5: 3 | BX5: 5 | BY5: 5 | BZ5: 4 | CA5: Très souvent | CB5: 0 | CC5: 0 | CD5: 0 | CE5: 1 | CF5: Pas d'obstacle majeur | CG5: 2 | CH5: 5 | CI5: 3 | CJ5: 2 | CK5: Autre | CL5: Formation longue (plusieurs semaines continues) | CM5: Indifférent | CP5: Motiver les enseignants et former les encadreurs. | CR5: oui
A6: 5 | B6: 17-18-19-20 | C6: CEG 5 Abomey | D6: Abomey | E6: BORGOU | F6: Public | G6: Masculin | H6: 30-39 ans | I6: 11-20 ans | J6: AME | L6: Licence Pro | M6: Licence | N6: Autre | P6: Non | R6: Non | S6: 3 | T6: 1 | U6: 0 | V6: 1 | W6: 0 | X6: Connexion Internet à domicile | Smartphone | Y6: 3 | Z6: 2 | AA6: 4 | AB6: 5 | AC6: 4 | AE6: 5 | AF6: 3 | AH6: 0 | AI6: 0 | AJ6: 0 | AK6: 1 | AL6: 1 | AM6: 0 | AN6: Initiative personnelle | ONG/Partenaires | AO6: 3 | AP6: 5 | AR6: 4 | AS6: 3 | AT6: 5 | AU6: 3 | AV6: 0 | AW6: 1 | AX6: 0 | AY6: 0 | AZ6: 0 | BA6: Entretien individuel avec un encadreur | BB6: 1 à 2 fois | BC6: 3 | BD6: 2 | BF6: 5 | BG6: 2 | BH6: 4 | BI6: 5 | BK6: 4 | BL6: 2 | BM6: 2 | BN6: 3 | BO6: 5 | BP6: 4 | BQ6: 5 | BR6: 3 | BS6: 2 | BT6: 2 | BU6: 2 | BV6: 2 | BW6: 3 | BX6: 5 | BY6: 1 | BZ6: 5 | CA6: Jamais | CB6: 0 | CC6: 0 | CD6: 1 | CE6: 0 | CF6: Manque de compétences numériques | CG6: 3 | CH6: 4 | CI6: 3 | CJ6: 3 | CK6: Mixte (présentiel + à distance) | CL6: Modules répartis sur plusieurs semaines | CM6: Plutôt oui | CN6: Manque de moyens et de suivi de proximité. | CP6: Manque de moyens et de suivi de proximité. | CQ6: Manque de moyens et de suivi de proximité. | CR6: oui
A7: 6 | B7: 21-22-23-24 | C7: CEG 1 Porto-Novo | D7: Abomey | E7: BORGOU | F7: Privé | G7: Féminin | H7: 40-49 ans | I7: moins de 5 ans | J7: AME | L7: BAPES | M7: Master | N7: Sciences Humaines | P7: Non | Q7: Plus de 10 jours | R7: Non | S7: 1 | T7: 0 | U7: 1 | V7: 1 | W7: 0 | X7: Ordinateur/tablette | Connexion Internet à domicile | Y7: 1 | Z7: 5 | AA7: 3 | AB7: 4 | AC7: 2 | AD7: 1 | AE7: 3 | AG7: 3 | AH7: 1 | AI7: 0 | AJ7: 0 | AK7: 1 | AL7: 0 | AM7: 0 | AN7: Ministère | ONG/Partenaires | AO7: 4 | AP7: 1 | AQ7: 3 | AR7: 4 | AS7: 4 | AT7: 3 | AU7: 2 | AV7: 1 | AW7: 0 | AX7: 0 | AY7: 1 | AZ7: 0 | BA7: Réunion collective de suivi (conseil d'enseignement, animation pédagogique) | Visite de classe en situation | BB7: 3 à 5 fois | BC7: 2 | BD7: 5 | BE7: 3 | BF7: 5 | BG7: 5 | BH7: 5 | BI7: 4 | BJ7: 3 | BK7: 5 | BL7: 4 | BM7: 3 | BN7: 2 | BP7: 2 | BQ7: 1 | BR7: 5 | BS7: 5 | BT7: 2 | BU7: 5 | BV7: 2 | BW7: 1 | BX7: 2 | BY7: 3 | BZ7: 3 | CA7: Souvent | CB7: 0 | CC7: 0 | CD7: 1 | CE7: 0 | CF7: Manque de compétences numériques | CG7: 4 | CH7: 4 | CI7: 4 | CJ7: 5 | CK7: À distance (en ligne) | CL7: Une journée complète | CM7: Plutôt oui | CN7: Manque de moyens et de suivi de proximité. | CQ7: Motiver les enseignants et former les encadreurs. | CR7: oui
A8: 7 | B8: 25-26-27-28 | C8: CEG 8 Cotonou | D8: Porto-Novo | E8: OUEME | F8: Privé | G8: Féminin | H8: 50 ans et plus | I8: moins de 5 ans | J8: FE | L8: BAPES | M8: Maîtrise | N8: Sciences et Technologies | P8: Oui | Q8: 6 à 10 jours | R8: Non | S8: 3 | T8: 0 | U8: 1 | V8: 0 | W8: 0 | X8: Ordinateur/tablette | AB8: 4 | AC8: 4 | AD8: 5 | AE8: 1 | AF8: 4 | AG8: 3 | AH8: 0 | AI8: 1 | AJ8: 1 | AK8: 0 | AL8: 0 | AM8: 0 | AN8: Établissement | Inspection | AP8: 5 | AQ8: 4 | AR8: 3 | AS8: 5 | AT8: 2 | AV8: 1 | AW8: 1 | AX8: 0 | AY8: 0 | AZ8: 0 | BA8: Entretien individuel avec un encadreur | Visite de classe en situation | BB8: Jamais | BC8: 3 | BD8: 3 | BE8: 4 | BF8: 5 | BG8: 4 | BH8: 2 | BI8: 4 | BJ8: 3 | BK8: 4 | BL8: 5 | BM8: 4 | BN8: 3 | BO8: 1 | BP8: 4 | BQ8: 3 | BR8: 2 | BS8: 4 | BT8: 3 | BU8: 5 | BV8: 4 | BW8: 3 | BX8: 2 | BY8: 4 | BZ8: 1 | CA8: Parfois | CB8: 1 | CC8: 1 | CD8: 0 | CE8: 0 | CF8: Accès limité à Internet | Matériel insuffisant | CG8: 4 | CH8: 3 | CI8: 2 | CJ8: 3 | CK8: Présentiel pur | CL8: Deux jours consécutifs | CM8: Plutôt oui | CO8: Motiver les enseignants et former les encadreurs.
A9: 8 | B9: 29-30-31-32 | C9: CEG 1 Lokossa | D9: Porto-Novo | E9: BORGOU | F9: Privé | G9: Masculin | H9: 40-49 ans | I9: plus de 20 ans | J9: FE | L9: Master Pro | M9: Maîtrise | N9: Sciences et Technologies | P9: Non | Q9: 6 à 10 jours | R9: Oui | S9: 2 | T9: 0 | U9: 0 | V9: 1 | W9: 0 | X9: Connexion Internet à domicile | AB9: 3 | AD9: 3 | AE9: 2 | AF9: 2 | AG9: 4 | AH9: 0 | AI9: 0 | AJ9: 0 | AK9: 1 | AL9: 0 | AM9: 0 | AN9: ONG/Partenaires | AO9: 2 | AP9: 4 | AQ9: 5 | AR9: 2 | AS9: 2 | AT9: 5 | AU9: 3 | AV9: 0 | AW9: 0 | AX9: 1 | AY9: 0 | AZ9: 1 | BA9: Mentorat/tutorat par un pair | Aucun accompagnement reçu | BC9: 2 | BD9: 5 | BE9: 5 | BF9: 2 | BG9: 5 | BH9: 2 | BI9: 3 | BJ9: 1 | BK9: 3 | BL9: 2 | BM9: 2 | BN9: 5 | BO9: 4 | BP9: 1 | BQ9: 3 | BR9: 4 | BS9: 4 | BT9: 5 | BU9: 4 | BV9: 3 | BW9: 3 | BX9: 5 | BY9: 2 | BZ9: 3 | CA9: Parfois | CB9: 0 | CC9: 1 | CD9: 1 | CE9: 0 | CF9: Manque de compétences numériques | Matériel insuffisant | CG9: 2 | CH9: 1 | CI9: 4 | CJ9: 5 | CK9: Mixte (présentiel + à distance) | CL9: Une journée complète | CM9: Plutôt non | CN9: Manque de moyens et de suivi de proximité. | CO9: Motiver les enseignants et former les encadreurs. | CQ9: Motiver les enseignants et former les encadreurs. | CR9: oui
A10: 9 | B10: 33-34-35-36 | C10: CEG 5 Cotonou | D10: Lokossa | E10: LITTORAL | F10: Privé | G10: Masculin | H10: 30-39 ans | I10: 11-20 ans | J10: AME | L10: Master Pro | N10: Lettres | P10: Oui | Q10: 3 à 5 jours | R10: Non | S10: 2 | T10: 0 | U10: 0 | V10: 1 | W10: 1 | X10: Aucun de ces équipements | Connexion Internet à domicile | Y10: 2 | Z10: 2 | AA10: 4 | AB10: 3 | AC10: 4 | AD10: 3 | AE10: 4 | AF10: 1 | AG10: 4 | AH10: 0 | AI10: 0 | AJ10: 0 | AK10: 1 | AL10: 0 | AM10: 0 | AN10: ONG/Partenaires | AO10: 4 | AP10: 2 | AQ10: 5 | AR10: 4 | AS10: 4 | AT10: 3 | AU10: 1 | AV10: 0 | AW10: 1 | AX10: 0 | AY10: 0 | AZ10: 0 | BA10: Entretien individuel avec un encadreur | BB10: Jamais | BC10: 1 | BD10: 4 | BE10: 3 | BF10: 4 | BG10: 3 | BH10: 5 | BI10: 3 | BJ10: 5 | BK10: 2 | BL10: 2 | BM10: 4 | BN10: 4 | BO10: 4 | BP10: 5 | BQ10: 3 | BR10: 1 | BS10: 4 | BT10: 3 | BU10: 4 | BV10: 3 | BW10: 3 | BX10: 5 | BY10: 4 | BZ10: 2 | CA10: Jamais | CB10: 0 | CC10: 1 | CD10: 1 | CE10: 0 | CF10: Manque de compétences numériques | Matériel insuffisant | CG10: 3 | CH10: 5 | CI10: 3 | CJ10: 5 | CK10: Mixte (présentiel + à distance) | CL10: Modules répartis sur plusieurs semaines | CM10: Indifférent | CN10: Motiver les enseignants et former les encadreurs. | CP10: Manque de moyens et de suivi de proximité.
A11: 10 | B11: 37-38-39-40 | C11: CEG 6 Cotonou | D11: Porto-Novo | E11: BORGOU | F11: Privé | G11: Masculin | H11: 50 ans et plus | I11: moins de 5 ans | J11: AME | L11: CAPES | M11: Master | N11: Sciences Humaines | P11: Non | Q11: 6 à 10 jours | R11: Non | S11: 2 | T11: 0 | U11: 1 | V11: 0 | W11: 0 | X11: Ordinateur/tablette | Y11: 2 | Z11: 2 | AA11: 3 | AB11: 1 | AC11: 4 | AD11: 5 | AE11: 4 | AF11: 2 | AG11: 3 | AH11: 0 | AI11: 0 | AJ11: 0 | AK11: 0 | AL11: 0 | AM11: 1 | AN11: Autre | AO11: 4 | AP11: 3 | AQ11: 3 | AR11: 2 | AS11: 2 | AT11: 4 | AU11: 4 | AV11: 0 | AW11: 0 | AX11: 1 | AY11: 0 | AZ11: 0 | BA11: Mentorat/tutorat par un pair | BB11: Jamais | BC11: 3 | BD11: 2 | BE11: 1 | BF11: 1 | BG11: 3 | BH11: 3 | BI11: 3 | BJ11: 5 | BK11: 3 | BL11: 5 | BM11: 2 | BN11: 2 | BO11: 5 | BP11: 4 | BQ11: 4 | BR11: 3 | BS11: 4 | BT11: 4 | BU11: 3 | BV11: 4 | BW11: 5 | BX11: 4 | BY11: 1 | BZ11: 3 | CA11: Rarement | CB11: 0 | CC11: 1 | CD11: 0 | CE11: 0 | CF11: Matériel insuffisant | CG11: 1 | CH11: 1 | CI11: 5 | CJ11: 2 | CK11: Mixte (présentiel + à distance) | CL11: Formation longue (plusieurs semaines continues) | CM11: Oui, absolument | CN11: Motiver les enseignants et former les encadreurs. | CQ11: Manque de moyens et de suivi de proximité. | CR11: oui
A12: 11 | B12: 41-42-43-44 | C12: CEG 3 Parakou | D12: Porto-Novo | E12: LITTORAL | F12: Public | G12: Masculin | H12: 50 ans et plus | I12: moins de 5 ans | J12: FE | L12: CAPES | M12: Licence | N12: Sciences Humaines | P12: Non | Q12: 3 à 5 jours | R12: Oui | S12: 2 | T12: 0 | U12: 1 | V12: 0 | W12: 0 | X12: Ordinateur/tablette | AB12: 3 | AC12: 4 | AD12: 3 | AE12: 1 | AF12: 3 | AG12: 2 | AH12: 0 | AI12: 1 | AJ12: 1 | AK12: 0 | AL12: 0 | AM12: 0 | AN12: Établissement | Inspection | AO12: 4 | AP12: 3 | AQ12: 2 | AR12: 3 | AT12: 3 | AU12: 3 | AV12: 0 | AW12: 0 | AX12: 0 | AY12: 0 | AZ12: 1 | BA12: Aucun accompagnement reçu | BB12: Plus de 5 fois | BC12: 1 | BD12: 3 | BE12: 5 | BF12: 3 | BG12: 5 | BH12: 4 | BI12: 4 | BJ12: 3 | BK12: 2 | BL12: 4 | BM12: 4 | BN12: 1 | BO12: 2 | BP12: 4 | BQ12: 3 | BR12: 3 | BS12: 2 | BT12: 1 | BU12: 4 | BV12: 5 | BW12: 5 | BX12: 2 | BY12: 2 | BZ12: 5 | CA12: Jamais | CB12: 1 | CC12: 0 | CD12: 0 | CE12: 1 | CF12: Pas d'obstacle majeur | Accès limité à Internet | CG12: 5 | CH12: 4 | CI12: 5 | CJ12: 3 | CK12: Présentiel pur | CL12: Une journée complète | CM12: Non, pas nécessaire | CN12: Motiver les enseignants et former les encadreurs. | CO12: Motiver les enseignants et former les encadreurs. | CP12: Motiver les enseignants et former les encadreurs. | CQ12: Motiver les enseignants et former les encadreurs.
A13: 12 | B13: 45-46-47-48 | C13: CEG 8 Abomey | D13: Abomey | E13: ATACORA | F13: Privé | G13: Féminin | H13: 30-39 ans | I13: moins de 5 ans | J13: FE | L13: Master Pro | M13: BAC | N13: Autre | P13: Non | Q13: 3 à 5 jours | R13: Oui | T13: 1 | U13: 1 | V13: 0 | W13: 0 | X13: Ordinateur/tablette | Smartphone | AB13: 5 | AC13: 3 | AD13: 4 | AE13: 5 | AF13: 3 | AG13: 2 | AH13: 0 | AI13: 0 | AJ13: 0 | AK13: 0 | AL13: 1 | AM13: 1 | AN13: Initiative personnelle | Autre | AO13: 3 | AP13: 4 | AQ13: 3 | AR13: 3 | AS13: 3 | AT13: 4 | AU13: 5 | AV13: 0 | AW13: 1 | AX13: 0 | AY13: 1 | AZ13: 0 | BA13: Entretien individuel avec un encadreur | Réunion collective de suivi (conseil d'enseignement, animation pédagogique) | BB13: Plus de 5 fois | BC13: 3 | BD13: 3 | BE13: 2 | BF13: 5 | BG13: 4 | BH13: 2 | BJ13: 3 | BK13: 4 | BL13: 5 | BM13: 3 | BN13: 3 | BO13: 5 | BP13: 1 | BQ13: 2 | BR13: 4 | BS13: 3 | BT13: 4 | BU13: 4 | BV13: 1 | BW13: 2 | BX13: 1 | BY13: 3 | BZ13: 4 | CA13: Souvent | CB13: 0 | CC13: 1 | CD13: 0 | CE13: 0 | CF13: Matériel insuffisant | CG13: 3 | CH13: 4 | CI13: 3 | CJ13: 3 | CK13: Mixte (présentiel + à distance) | CL13: Deux jours consécutifs | CM13: Oui, absolument | CN13: Motiver les enseignants et former les encadreurs. | CQ13: Motiver les enseignants et former les encadreurs.
A14: 13 | B14: 49-50-51-52 | C14: CEG 4 Cotonou | D14: Parakou | E14: MONO | F14: Public | G14: Féminin | H14: 40-49 ans | I14: 11-20 ans | J14: ACDPE | L14: BAPES | M14: BAC | N14: Sciences et Technologies | P14: Oui | Q14: Plus de 10 jours | R14: Non | S14: 5 | T14: 1 | U14: 0 | V14: 0 | W14: 1 | X14: Smartphone | Aucun de ces équipements | AB14: 3 | AC14: 4 | AD14: 3 | AE14: 1 | AF14: 4 | AG14: 3 | AH14: 0 | AI14: 1 | AJ14: 0 | AK14: 0 | AL14: 1 | AM14: 0 | AN14: Initiative personnelle | Inspection | AO14: 4 | AP14: 4 | AQ14: 3 | AR14: 5 | AS14: 1 | AT14: 4 | AU14: 4 | AV14: 1 | AW14: 0 | AX14: 0 | AY14: 0 | AZ14: 1 | BA14: Visite de classe en situation | Aucun accompagnement reçu | BB14: Plus de 5 fois | BC14: 5 | BD14: 1 | BE14: 1 | BF14: 3 | BG14: 3 | BH14: 4 | BI14: 5 | BJ14: 2 | BK14: 3 | BL14: 4 | BM14: 3 | BN14: 3 | BO14: 3 | BP14: 5 | BQ14: 4 | BR14: 4 | BS14: 4 | BT14: 3 | BU14: 3 | BV14: 2 | BW14: 3 | BX14: 3 | BY14: 1 | BZ14: 2 | CA14: Rarement | CB14: 1 | CC14: 0 | CD14: 0 | CE14: 0 | CF14: Accès limité à Internet | CG14: 5 | CH14: 3 | CI14: 5 | CJ14: 5 | CK14: Autre | CL14: Deux jours consécutifs | CM14: Non, pas nécessaire | CN14: Motiver les enseignants et former les encadreurs. | CO14: Manque de moyens et de suivi de proximité. | CQ14: Manque de moyens et de suivi de proximité. | CR14: oui
A15: 14 | B15: 53-54-55-56 | C15: CEG 5 Porto-Novo | D15: Cotonou | E15: MONO | F15: Privé | G15: Féminin | H15: moins de 30 ans | I15: moins de 5 ans | J15: FE | L15: Licence Pro | M15: Maîtrise | N15: Autre | P15: Oui | Q15: 3 à 5 jours | R15: Oui | S15: Sans objet | T15: 0 | U15: 1 | V15: 1 | W15: 0 | X15: Connexion Internet à domicile | Ordinateur/tablette | AB15: 4 | AC15: 3 | AD15: 4 | AE15: 1 | AF15: 2 | AG15: 3 | AH15: 0 | AI15: 0 | AJ15: 0 | AK15: 1 | AL15: 0 | AM15: 0 | AN15: ONG/Partenaires | AO15: 5 | AP15: 3 | AQ15: 5 | AR15: 3 | AS15: 4 | AT15: 2 | AU15: 4 | AV15: 0 | AW15: 0 | AX15: 0 | AY15: 1 | AZ15: 0 | BA15: Réunion collective de suivi (conseil d'enseignement, animation pédagogique) | BB15: Plus de 5 fois | BC15: 4 | BD15: 4 | BE15: 4 | BF15: 2 | BG15: 3 | BH15: 1 | BI15: 2 | BJ15: 1 | BK15: 4 | BL15: 3 | BM15: 5 | BN15: 5 | BP15: 3 | BQ15: 2 | BR15: 1 | BS15: 4 | BT15: 4 | BU15: 2 | BV15: 3 | BW15: 4 | BX15: 2 | BY15: 3 | BZ15: 1 | CA15: Souvent | CB15: 1 | CC15: 1 | CD15: 0 | CE15: 0 | CF15: Accès limité à Internet | Matériel insuffisant | CG15: 3 | CH15: 3 | CI15: 3 | CJ15: 2 | CK15: À distance (en ligne) | CL15: Formation longue (plusieurs semaines continues) | CM15: Plutôt oui | CN15: Motiver les enseignants et former les encadreurs. | CO15: Manque de moyens et de suivi de proximité. | CP15: Manque de moyens et de suivi de proximité. | CQ15: Motiver les enseignants et former les encadreurs. | CR15: oui
A16: 15 | B16: 57-58-59-60 | C16: CEG 7 Porto-Novo | D16: Porto-Novo | E16: OUEME | F16: Privé | H16: 50 ans et plus | I16: 11-20 ans | J16: AME | L16: CAPES | N16: Sciences et Technologies | P16: Non | Q16: 3 à 5 jours | R16: Non | S16: 3 | T16: 1 | U16: 0 | V16: 0 | W16: 1 | X16: Aucun de ces équipements | Smartphone | Y16: 4 | Z16: 3 | AA16: 4 | AB16: 3 | AC16: 2 | AD16: 3 | AE16: 4 | AF16: 2 | AG16: 3 | AH16: 1 | AI16: 0 | AJ16: 0 | AK16: 0 | AL16: 0 | AM16: 1 | AN16: Autre | Ministère | AO16: 1 | AP16: 4 | AQ16: 3 | AR16: 1 | AS16: 2 | AT16: 4 | AU16: 5 | AV16: 0 | AW16: 1 | AX16: 0 | AY16: 0 | AZ16: 1 | BA16: Entretien individuel avec un encadreur | Aucun accompagnement reçu | BB16: Plus de 5 fois | BC16: 4 | BD16: 5 | BE16: 3 | BF16: 4 | BG16: 4 | BH16: 2 | BI16: 4 | BJ16: 3 | BK16: 1 | BL16: 4 | BM16: 3 | BN16: 3 | BO16: 5 | BP16: 2 | BQ16: 4 | BR16: 5 | BS16: 3 | BT16: 2 | BU16: 4 | BV16: 2 | BW16: 5 | BX16: 4 | BY16: 3 | BZ16: 3 | CA16: Rarement | CB16: 1 | CC16: 0 | CD16: 1 | CE16: 0 | CF16: Manque de compétences numériques | Accès limité à Internet | CG16: 3 | CH16: 2 | CI16: 4 | CJ16: 4 | CK16: À distance (en ligne) | CL16: Modules répartis sur plusieurs semaines | CM16: Non, pas nécessaire | CP16: Manque de moyens et de suivi de proximité.
A17: 16 | B17: 61-62-63-64 | C17: CEG 2 Porto-Novo | D17: Lokossa | E17: ATACORA | F17: Privé | H17: 30-39 ans | I17: moins de 5 ans | J17: ACDPE | L17: CAPES | M17: Licence | N17: Sciences et Technologies | P17: Non | Q17: Plus de 10 jours | R17: Non | S17: 2 | T17: 1 | U17: 0 | V17: 0 | W17: 1 | X17: Smartphone | Aucun de ces équipements | AB17: 4 | AC17: 4 | AD17: 2 | AF17: 5 | AG17: 2 | AH17: 0 | AI17: 0 | AJ17: 1 | AK17: 0 | AL17: 0 | AM17: 0 | AN17: Établissement | AO17: 3 | AP17: 4 | AQ17: 3 | AR17: 2 | AS17: 3 | AT17: 2 | AU17: 1 | AV17: 1 | AW17: 0 | AX17: 0 | AY17: 1 | AZ17: 0 | BA17: Visite de classe en situation | Réunion collective de suivi (conseil d'enseignement, animation pédagogique) | BB17: 1 à 2 fois | BC17: 4 | BD17: 5 | BE17: 4 | BF17: 4 | BG17: 4 | BH17: 5 | BI17: 2 | BJ17: 3 | BK17: 3 | BL17: 3 | BM17: 4 | BN17: 4 | BO17: 3 | BP17: 3 | BQ17: 2 | BR17: 2 | BS17: 1 | BT17: 5 | BU17: 4 | BV17: 5 | BW17: 5 | BX17: 3 | BY17: 1 | BZ17: 2 | CA17: Jamais | CB17: 1 | CC17: 0 | CD17: 1 | CE17: 0 | CF17: Accès limité à Internet | Manque de compétences numériques | CG17: 1 | CH17: 3 | CI17: 4 | CJ17: 3 | CK17: Présentiel pur | CL17: Modules répartis sur plusieurs semaines | CM17: Indifférent | CP17: Motiver les enseignants et former les encadreurs.
A18: 17 | B18: 65-66-67-68 | C18: CEG 9 Cotonou | D18: Porto-Novo | E18: ZOU | F18: Public | G18: Masculin | H18: moins de 30 ans | I18: moins de 5 ans | J18: FE | L18: BAPES | M18: BAC | N18: Lettres | P18: Oui | Q18: 6 à 10 jours | R18: Oui | S18: 2 | T18: 1 | U18: 0 | V18: 1 | W18: 0 | X18: Connexion Internet à domicile | Smartphone | AB18: 2 | AC18: 4 | AD18: 4 | AE18: 3 | AF18: 4 | AG18: 1 | AH18: 0 | AI18: 0 | AJ18: 0 | AK18: 0 | AL18: 0 | AM18: 1 | AN18: Autre | AO18: 4 | AP18: 3 | AS18: 1 | AT18: 2 | AV18: 0 | AW18: 0 | AX18: 1 | AY18: 0 | AZ18: 1 | BA18: Aucun accompagnement reçu | Mentorat/tutorat par un pair | BB18: Plus de 5 fois | BC18: 5 | BD18: 4 | BE18: 2 | BF18: 2 | BG18: 4 | BH18: 2 | BI18: 2 | BJ18: 3 | BK18: 3 | BL18: 3 | BM18: 3 | BN18: 2 | BO18: 3 | BP18: 5 | BQ18: 2 | BR18: 2 | BS18: 5 | BT18: 4 | BU18: 3 | BV18: 5 | BW18: 5 | BY18: 3 | BZ18: 5 | CA18: Très souvent | CB18: 0 | CC18: 0 | CD18: 1 | CE18: 0 | CF18: Manque de compétences numériques | CG18: 3 | CI18: 5 | CJ18: 3 | CK18: Mixte (présentiel + à distance) | CL18: Deux jours consécutifs | CM18: Plutôt oui | CN18: Motiver les enseignants et former les encadreurs. | CO18: Manque de moyens et de suivi de proximité. | CQ18: Manque de moyens et de suivi de proximité. | CR18: oui
A19: 18 | B19: 69-70-71-72 | C19: CEG 9 Abomey | D19: Cotonou | E19: OUEME | F19: Privé | G19: Masculin | I19: plus de 20 ans | J19: AME | M19: Licence | N19: Lettres | P19: Oui | Q19: 3 à 5 jours | R19: Oui | T19: 1 | U19: 0 | V19: 0 | W19: 1 | X19: Aucun de ces équipements | Smartphone | Y19: 3 | Z19: 5 | AA19: 3 | AB19: 4 | AC19: 2 | AD19: 5 | AE19: 2 | AF19: 4 | AG19: 4 | AH19: 1 | AI19: 0 | AJ19: 0 | AK19: 0 | AL19: 0 | AM19: 1 | AN19: Autre | Ministère | AO19: 3 | AP19: 5 | AQ19: 3 | AR19: 4 | AS19: 3 | AT19: 2 | AU19: 4 | AV19: 0 | AW19: 0 | AX19: 0 | AY19: 1 | AZ19: 0 | BA19: Réunion collective de suivi (conseil d'enseignement, animation pédagogique) | BB19: Jamais | BC19: 3 | BD19: 2 | BE19: 2 | BF19: 3 | BG19: 3 | BH19: 2 | BI19: 5 | BJ19: 5 | BK19: 4 | BL19: 5 | BM19: 3 | BN19: 5 | BO19: 5 | BP19: 2 | BQ19: 3 | BR19: 5 | BS19: 4 | BT19: 2 | BU19: 2 | BV19: 2 | BW19: 4 | BX19: 3 | BY19: 4 | BZ19: 2 | CA19: Souvent | CB19: 0 | CC19: 1 | CD19: 0 | CE19: 1 | CF19: Pas d'obstacle majeur | Matériel insuffisant | CG19: 3 | CH19: 4 | CI19: 4 | CJ19: 3 | CK19: À distance (en ligne) | CL19: Une journée complète | CM19: Non, pas nécessaire | CN19: Motiver les enseignants et former les encadreurs. | CO19: Manque de moyens et de suivi de proximité. | CP19: Motiver les enseignants et former les encadreurs.
A20: 19 | B20: 73-74-75-76 | C20: CEG 7 Abomey | D20: Cotonou | E20: BORGOU | F20: Privé | G20: Masculin | H20: 50 ans et plus | I20: 5-10 ans | J20: ACDPE | L20: Master Pro | M20: Master | N20: Sciences Humaines | P20: Non | Q20: 3 à 5 jours | R20: Non | S20: 1 | T20: 1 | U20: 0 | V20: 0 | W20: 1 | X20: Aucun de ces équipements | Smartphone | AB20: 3 | AC20: 5 | AD20: 5 | AE20: 5 | AF20: 3 | AG20: 3 | AH20: 0 | AI20: 1 | AJ20: 0 | AK20: 0 | AL20: 0 | AM20: 1 | AN20: Inspection | Autre | AO20: 3 | AP20: 5 | AQ20: 5 | AR20: 3 | AS20: 1 | AT20: 5 | AU20: 3 | AV20: 1 | AW20: 0 | AX20: 0 | AY20: 1 | AZ20: 0 | BA20: Visite de classe en situation | Réunion collective de suivi (conseil d'enseignement, animation pédagogique) | BB20: 1 à 2 fois | BC20: 5 | BD20: 5 | BE20: 4 | BF20: 2 | BG20: 4 | BH20: 2 | BI20: 5 | BJ20: 3 | BK20: 1 | BL20: 3 | BM20: 3 | BN20: 2 | BP20: 5 | BQ20: 4 | BR20: 4 | BS20: 1 | BT20: 3 | BU20: 2 | BV20: 5 | BW20: 4 | BX20: 1 | BY20: 1 | BZ20: 4 | CA20: Souvent | CB20: 0 | CC20: 1 | CD20: 1 | CE20: 0 | CF20: Manque de compétences numériques | Matériel insuffisant | CG20: 2 | CH20: 2 | CI20: 4 | CJ20: 4 | CK20: Mixte (présentiel + à distance) | CL20: Modules répartis sur plusieurs semaines | CM20: Plutôt non | CP20: Motiver les enseignants et former les encadreurs. | CQ20: Motiver les enseignants et former les encadreurs.
A21: 20 | B21: 77-78-79-80 | C21: CEG 3 Lokossa | D21: Porto-Novo | E21: ZOU | F21: Public | G21: Masculin | H21: 50 ans et plus | I21: 5-10 ans | J21: AME | L21: CAPES | M21: Licence | N21: Lettres | P21: Non | Q21: 6 à 10 jours | R21: Non | S21: 5 | T21: 1 | U21: 0 | V21: 0 | W21: 0 | X21: Smartphone | Y21: 1 | Z21: 2 | AA21: 4 | AB21: 4 | AC21: 2 | AD21: 3 | AE21: 4 | AF21: 2 | AG21: 2 | AH21: 1 | AI21: 0 | AJ21: 0 | AK21: 1 | AL21: 0 | AM21: 0 | AN21: ONG/Partenaires | Ministère | AO21: 3 | AP21: 4 | AQ21: 4 | AR21: 1 | AS21: 3 | AT21: 3 | AU21: 5 | AV21: 1 | AW21: 0 | AX21: 0 | AY21: 0 | AZ21: 0 | BA21: Visite de classe en situation | BB21: 1 à 2 fois | BC21: 3 | BD21: 4 | BE21: 3 | BF21: 3 | BG21: 3 | BH21: 3 | BI21: 1 | BJ21: 5 | BK21: 3 | BL21: 3 | BM21: 1 | BN21: 3 | BO21: 4 | BP21: 5 | BQ21: 4 | BR21: 5 | BS21: 5 | BT21: 5 | BU21: 2 | BV21: 5 | BW21: 5 | BX21: 2 | BY21: 4 | BZ21: 3 | CA21: Très souvent | CB21: 0 | CC21: 1 | CD21: 0 | CE21: 0 | CF21: Matériel insuffisant | CG21: 1 | CH21: 5 | CI21: 5 | CJ21: 2 | CK21: À distance (en ligne) | CL21: Deux jours consécutifs | CM21: Non, pas nécessaire | CO21: Motiver les enseignants et former les encadreurs. | CP21: Motiver les enseignants et former les encadreurs. | CR21: oui
A22: 21 | B22: 81-82-83-84 | C22: CEG 8 Parakou | D22: Parakou | E22: BORGOU | F22: Privé | G22: Masculin | H22: 50 ans et plus | I22: 11-20 ans | J22: AME | L22: CAPES | M22: Licence | N22: Lettres | P22: Oui | Q22: 6 à 10 jours | R22: Non | S22: 3 | T22: 0 | U22: 1 | V22: 1 | W22: 0 | X22: Ordinateur/tablette | Connexion Internet à domicile | Y22: 5 | Z22: 3 | AA22: 4 | AB22: 5 | AC22: 1 | AD22: 4 | AE22: 4 | AF22: 2 | AG22: 4 | AH22: 0 | AI22: 1 | AJ22: 0 | AK22: 1 | AL22: 0 | AM22: 0 | AN22: Inspection | ONG/Partenaires | AO22: 3 | AP22: 2 | AQ22: 4 | AR22: 4 | AS22: 4 | AT22: 3 | AU22: 3 | AV22: 1 | AW22: 0 | AX22: 0 | AY22: 0 | AZ22: 1 | BA22: Aucun accompagnement reçu | Visite de classe en situation | BB22: Plus de 5 fois | BC22: 3 | BD22: 4 | BE22: 4 | BF22: 2 | BG22: 5 | BH22: 4 | BI22: 5 | BJ22: 4 | BK22: 2 | BL22: 1 | BM22: 3 | BN22: 5 | BO22: 4 | BP22: 3 | BQ22: 3 | BR22: 2 | BS22: 3 | BT22: 1 | BU22: 3 | BV22: 4 | BW22: 3 | BX22: 4 | BY22: 4 | BZ22: 2 | CA22: Souvent | CB22: 1 | CC22: 1 | CD22: 0 | CE22: 0 | CF22: Accès limité à Internet | Matériel insuffisant | CG22: 5 | CH22: 3 | CI22: 2 | CJ22: 3 | CK22: Mixte (présentiel + à distance) | CL22: Une journée complète | CM22: Plutôt oui | CO22: Manque de moyens et de suivi de proximité. | CP22: Manque de moyens et de suivi de proximité. | CR22: oui
A23: 22 | B23: 85-86-87-88 | C23: CEG 3 Porto-Novo | D23: Cotonou | E23: ATACORA | F23: Privé | G23: Féminin | H23: 50 ans et plus | I23: moins de 5 ans | J23: AME | L23: CAPES | M23: Maîtrise | N23: Sciences Humaines | P23: Non | Q23: 1 à 2 jours | R23: Non | S23: 1 | T23: 0 | U23: 0 | V23: 1 | W23: 0 | X23: Connexion Internet à domicile | Y23: 4 | Z23: 4 | AA23: 3 | AB23: 2 | AC23: 4 | AD23: 2 | AE23: 5 | AF23: 2 | AG23: 2 | AH23: 0 | AI23: 0 | AJ23: 0 | AK23: 1 | AL23: 0 | AM23: 0 | AN23: ONG/Partenaires | AO23: 2 | AP23: 3 | AQ23: 3 | AR23: 4 | AS23: 3 | AT23: 4 | AU23: 2 | AV23: 0 | AW23: 0 | AX23: 1 | AY23: 0 | AZ23: 0 | BA23: Mentorat/tutorat par un pair | BB23: 3 à 5 fois | BC23: 5 | BD23: 4 | BE23: 3 | BF23: 1 | BG23: 5 | BH23: 3 | BI23: 2 | BJ23: 3 | BK23: 2 | BL23: 3 | BM23: 4 | BN23: 5 | BO23: 2 | BP23: 1 | BQ23: 2 | BR23: 4 | BS23: 3 | BT23: 4 | BU23: 5 | BV23: 4 | BW23: 3 | BX23: 2 | BY23: 5 | BZ23: 5 | CA23: Souvent | CB23: 1 | CC23: 1 | CD23: 0 | CE23: 0 | CF23: Accès limité à Internet | Matériel insuffisant | CG23: 4 | CH23: 3 | CI23: 5 | CJ23: 4 | CK23: Mixte (présentiel + à distance) | CL23: Formation longue (plusieurs semaines continues) | CM23: Indifférent | CP23: Manque de moyens et de suivi de proximité.
A24: 23 | B24: 89-90-91-92 | C24: CEG 8 Natitingou | D24: Abomey | E24: ATACORA | F24: Privé | G24: Masculin | H24: 50 ans et plus | I24: plus de 20 ans | J24: AME | L24: BAPES | M24: Master | N24: Autre | P24: Non | Q24: 3 à 5 jours | R24: Non | S24: 5 | T24: 1 | U24: 0 | V24: 0 | W24: 0 | X24: Smartphone | Y24: 5 | Z24: 1 | AA24: 3 | AB24: 1 | AC24: 5 | AD24: 4 | AE24: 4 | AF24: 2 | AG24: 4 | AH24: 1 | AI24: 0 | AJ24: 0 | AK24: 1 | AL24: 0 | AM24: 0 | AN24: Ministère | ONG/Partenaires | AO24: 4 | AP24: 5 | AQ24: 4 | AR24: 4 | AS24: 3 | AT24: 5 | AU24: 1 | AV24: 0 | AW24: 1 | AX24: 0 | AY24: 0 | AZ24: 0 | BA24: Entretien individuel avec un encadreur | BB24: Plus de 5 fois | BC24: 4 | BD24: 3 | BE24: 3 | BF24: 4 | BG24: 5 | BH24: 3 | BI24: 4 | BJ24: 5 | BK24: 4 | BL24: 3 | BM24: 5 | BN24: 3 | BO24: 2 | BP24: 5 | BQ24: 1 | BR24: 3 | BS24: 2 | BT24: 5 | BU24: 5 | BV24: 4 | BW24: 3 | BX24: 1 | BZ24: 1 | CA24: Très souvent | CB24: 0 | CC24: 0 | CD24: 1 | CE24: 0 | CF24: Manque de compétences numériques | CG24: 5 | CH24: 4 | CI24: 3 | CJ24: 3 | CK24: Présentiel pur | CL24: Formation longue (plusieurs semaines continues) | CM24: Oui, absolument | CN24: Manque de moyens et de suivi de proximité. | CO24: Manque de moyens et de suivi de proximité. | CP24: Motiver les enseignants et former les encadreurs.
A25: 24 | B25: 93-94-95-96 | C25: CEG 4 Parakou | D25: Lokossa | E25: LITTORAL | F25: Privé | G25: Féminin | H25: 40-49 ans | I25: plus de 20 ans | J25: AME | L25: BAPES | M25: Maîtrise | N25: Sciences et Technologies | P25: Oui | Q25: 1 à 2 jours | R25: Oui | S25: 1 | T25: 0 | U25: 0 | V25: 0 | W25: 1 | X25: Aucun de ces équipements | Y25: 4 | Z25: 3 | AA25: 3 | AB25: 5 | AC25: 4 | AD25: 5 | AE25: 5 | AF25: 2 | AG25: 3 | AH25: 0 | AI25: 0 | AJ25: 0 | AK25: 1 | AL25: 0 | AM25: 0 | AN25: ONG/Partenaires | AO25: 4 | AP25: 2 | AQ25: 3 | AR25: 5 | AS25: 3 | AT25: 2 | AU25: 3 | AV25: 0 | AW25: 1 | AX25: 1 | AY25: 0 | AZ25: 0 | BA25: Entretien individuel avec un encadreur | Mentorat/tutorat par un pair | BB25: Plus de 5 fois | BC25: 5 | BD25: 1 | BE25: 2 | BF25: 5 | BG25: 1 | BH25: 4 | BI25: 4 | BJ25: 3 | BK25: 3 | BL25: 4 | BM25: 4 | BN25: 2 | BO25: 3 | BP25: 4 | BQ25: 4 | BR25: 1 | BS25: 2 | BT25: 3 | BU25: 4 | BV25: 5 | BW25: 2 | BX25: 2 | BY25: 3 | CA25: Rarement | CB25: 0 | CC25: 0 | CD25: 1 | CE25: 0 | CF25: Manque de compétences numériques | CH25: 2 | CI25: 1 | CJ25: 4 | CK25: Présentiel pur | CL25: Deux jours consécutifs | CM25: Plutôt oui | CN25: Motiver les enseignants et former les encadreurs. | CP25: Manque de moyens et de suivi de proximité. | CQ25: Motiver les enseignants et former les encadreurs. | CR25: oui
A26: 25 | B26: 97-98-99-100 | C26: CEG 1 Natitingou | D26: Cotonou | E26: MONO | F26: Public | G26: Masculin | H26: 30-39 ans | I26: moins de 5 ans | J26: AME | L26: Licence Pro | M26: Master | N26: Autre | P26: Non | Q26: 3 à 5 jours | R26: Oui | S26: 1 | T26: 0 | U26: 1 | V26: 0 | W26: 0 | X26: Ordinateur/tablette | Y26: 2 | Z26: 4 | AA26: 3 | AB26: 2 | AC26: 4 | AD26: 3 | AE26: 3 | AF26: 5 | AG26: 4 | AH26: 0 | AI26: 0 | AJ26: 0 | AK26: 0 | AL26: 0 | AM26: 1 | AN26: Autre | AO26: 3 | AP26: 3 | AQ26: 1 | AR26: 1 | AS26: 1 | AT26: 5 | AU26: 4 | AV26: 0 | AW26: 0 | AX26: 1 | AY26: 0 | AZ26: 0 | BA26: Mentorat/tutorat par un pair | BB26: Jamais | BC26: 2 | BD26: 5 | BE26: 3 | BF26: 5 | BG26: 1 | BH26: 2 | BI26: 1 | BJ26: 4 | BK26: 1 | BL26: 5 | BM26: 3 | BN26: 5 | BO26: 5 | BP26: 5 | BQ26: 1 | BR26: 5 | BS26: 5 | BT26: 4 | BU26: 2 | BV26: 2 | BW26: 2 | BX26: 3 | BY26: 5 | BZ26: 4 | CA26: Très souvent | CB26: 0 | CC26: 1 | CD26: 0 | CE26: 1 | CF26: Matériel insuffisant | Pas d'obstacle majeur | CG26: 2 | CH26: 2 | CI26: 2 | CJ26: 3 | CK26: Présentiel pur | CL26: Une journée complète | CM26: Non, pas nécessaire | CN26: Manque de moyens et de suivi de proximité. | CO26: Manque de moyens et de suivi de proximité. | CP26: Motiver les enseignants et former les encadreurs. | CQ26: Motiver les enseignants et former les encadreurs. | CR26: oui
A27: 26 | B27: 101-102-103-104 | C27: CEG 8 Parakou | D27: Lokossa | E27: BORGOU | F27: Privé | G27: Féminin | H27: moins de 30 ans | I27: 11-20 ans | J27: ACDPE | M27: Licence | N27: Sciences et Technologies | P27: Non | Q27: Plus de 10 jours | R27: Oui | S27: Sans objet | T27: 1 | U27: 0 | V27: 1 | W27: 0 | X27: Connexion Internet à domicile | Smartphone | AB27: 2 | AC27: 4 | AD27: 5 | AE27: 4 | AF27: 5 | AG27: 5 | AH27: 0 | AI27: 0 | AJ27: 1 | AK27: 0 | AL27: 1 | AM27: 0 | AN27: Initiative personnelle | Établissement | AO27: 3 | AP27: 5 | AQ27: 4 | AR27: 3 | AS27: 1 | AT27: 3 | AV27: 0 | AW27: 0 | AX27: 0 | AY27: 1 | AZ27: 1 | BA27: Aucun accompagnement reçu | Réunion collective de suivi (conseil d'enseignement, animation pédagogique) | BB27: Plus de 5 fois | BC27: 3 | BD27: 1 | BE27: 4 | BF27: 2 | BG27: 2 | BH27: 3 | BI27: 3 | BJ27: 4 | BK27: 4 | BL27: 3 | BM27: 3 | BN27: 5 | BO27: 1 | BP27: 5 | BQ27: 5 | BR27: 5 | BS27: 2 | BT27: 5 | BU27: 2 | BV27: 3 | BW27: 4 | BX27: 4 | BY27: 4 | BZ27: 5 | CA27: Parfois | CB27: 1 | CC27: 0 | CD27: 0 | CE27: 0 | CF27: Accès limité à Internet | CG27: 2 | CH27: 3 | CI27: 3 | CJ27: 1 | CK27: Autre | CL27: Deux jours consécutifs | CM27: Oui, absolument | CN27: Manque de moyens et de suivi de proximité. | CO27: Manque de moyens et de suivi de proximité. | CP27: Manque de moyens et de suivi de proximité. | CR27: oui
A28: 27 | B28: 105-106-107-108 | C28: CEG 2 Porto-Novo | D28: Cotonou | E28: MONO | F28: Public | G28: Masculin | H28: 40-49 ans | J28: FE | L28: Licence Pro | M28: BAC | N28: Autre | P28: Oui | R28: Oui | S28: 2 | T28: 0 | U28: 0 | V28: 1 | W28: 0 | X28: Connexion Internet à domicile | AC28: 5 | AD28: 3 | AE28: 2 | AF28: 2 | AG28: 3 | AH28: 0 | AI28: 0 | AJ28: 0 | AK28: 0 | AL28: 1 | AM28: 0 | AN28: Initiative personnelle | AO28: 1 | AP28: 2 | AR28: 3 | AS28: 2 | AT28: 5 | AU28: 3 | AV28: 0 | AW28: 0 | AX28: 0 | AY28: 0 | AZ28: 1 | BA28: Aucun accompagnement reçu | BB28: Plus de 5 fois | BC28: 3 | BD28: 3 | BE28: 2 | BF28: 4 | BG28: 4 | BH28: 4 | BI28: 4 | BJ28: 1 | BK28: 1 | BL28: 5 | BM28: 1 | BN28: 2 | BO28: 4 | BP28: 4 | BQ28: 3 | BR28: 2 | BS28: 4 | BT28: 3 | BU28: 4 | BV28: 4 | BW28: 2 | BX28: 3 | BZ28: 1 | CA28: Souvent | CB28: 1 | CC28: 0 | CD28: 1 | CE28: 0 | CF28: Manque de compétences numériques | Accès limité à Internet | CG28: 5 | CH28: 3 | CI28: 3 | CJ28: 3 | CK28: Présentiel pur | CL28: Une journée complète | CM28: Plutôt non | CN28: Motiver les enseignants et former les encadreurs. | CO28: Manque de moyens et de suivi de proximité. | CQ28: Manque de moyens et de suivi de proximité.
A29: 28 | B29: 109-110-111-112 | C29: CEG 9 Natitingou | D29: Parakou | E29: BORGOU | F29: Public | G29: Masculin | H29: 30-39 ans | I29: 5-10 ans | J29: AME | L29: BAPES | M29: Licence | N29: Sciences Humaines | P29: Non | Q29: Plus de 10 jours | R29: Oui | S29: 2 | T29: 1 | U29: 0 | V29: 1 | W29: 0 | X29: Smartphone | Connexion Internet à domicile | Y29: 5 | Z29: 5 | AB29: 3 | AC29: 4 | AD29: 2 | AE29: 5 | AF29: 2 | AH29: 0 | AI29: 0 | AJ29: 1 | AK29: 0 | AL29: 1 | AM29: 0 | AN29: Initiative personnelle | Établissement | AO29: 2 | AP29: 4 | AQ29: 4 | AR29: 3 | AS29: 2 | AT29: 2 | AU29: 1 | AV29: 1 | AW29: 0 | AX29: 0 | AY29: 1 | AZ29: 0 | BA29: Réunion collective de suivi (conseil d'enseignement, animation pédagogique) | Visite de classe en situation | BC29: 1 | BD29: 2 | BE29: 3 | BF29: 4 | BH29: 5 | BI29: 2 | BK29: 3 | BL29: 4 | BM29: 3 | BN29: 4 | BO29: 4 | BP29: 3 | BQ29: 5 | BR29: 4 | BS29: 4 | BT29: 4 | BU29: 4 | BV29: 5 | BW29: 5 | BX29: 4 | BY29: 3 | BZ29: 5 | CA29: Jamais | CB29: 0 | CC29: 1 | CD29: 1 | CE29: 0 | CF29: Matériel insuffisant | Manque de compétences numériques | CG29: 3 | CH29: 5 | CI29: 2 | CJ29: 1 | CK29: Mixte (présentiel + à distance) | CL29: Deux jours consécutifs | CM29: Oui, absolument | CO29: Motiver les enseignants et former les encadreurs. | CQ29: Motiver les enseignants et former les encadreurs. | CR29: oui
A30: 29 | B30: 113-114-115-116 | C30: CEG 4 Cotonou | D30: Lokossa | E30: OUEME | F30: Public | G30: Masculin | H30: 50 ans et plus | I30: plus de 20 ans | J30: ACDPE | M30: Licence | N30: Lettres | P30: Non | Q30: 1 à 2 jours | R30: Non | S30: 1 | T30: 0 | U30: 1 | V30: 0 | W30: 1 | X30: Aucun de ces équipements | Ordinateur/tablette | AB30: 4 | AC30: 3 | AD30: 3 | AE30: 3 | AF30: 3 | AG30: 5 | AH30: 1 | AI30: 0 | AJ30: 0 | AK30: 1 | AL30: 0 | AM30: 0 | AN30: ONG/Partenaires | Ministère | AP30: 3 | AQ30: 4 | AR30: 4 | AS30: 5 | AT30: 4 | AU30: 1 | AV30: 1 | AW30: 0 | AX30: 0 | AY30: 0 | AZ30: 0 | BA30: Visite de classe en situation | BB30: Jamais | BC30: 1 | BD30: 2 | BE30: 5 | BF30: 4 | BH30: 4 | BI30: 3 | BJ30: 2 | BK30: 2 | BL30: 4 | BM30: 1 | BN30: 3 | BO30: 4 | BP30: 2 | BQ30: 5 | BR30: 5 | BS30: 4 | BT30: 4 | BU30: 1 | BV30: 4 | BW30: 5 | BX30: 4 | BY30: 4 | BZ30: 4 | CA30: Très souvent | CB30: 0 | CC30: 0 | CD30: 1 | CE30: 0 | CF30: Manque de compétences numériques | CG30: 3 | CH30: 3 | CI30: 1 | CJ30: 4 | CK30: Autre | CL30: Une journée complète | CM30: Indifférent | CN30: Motiver les enseignants et former les encadreurs. | CO30: Manque de moyens et de suivi de proximité. | CP30: Motiver les enseignants et former les encadreurs.
A31: 30 | B31: 117-118-119-120 | C31: CEG 7 Porto-Novo | D31: Cotonou | E31: ATACORA | F31: Privé | G31: Féminin | H31: 50 ans et plus | I31: 11-20 ans | J31: AME | L31: Licence Pro | M31: Licence | N31: Sciences Humaines | P31: Non | Q31: 3 à 5 jours | R31: Oui | S31: 4 | T31: 0 | U31: 1 | V31: 0 | W31: 0 | X31: Ordinateur/tablette | Z31: 5 | AA31: 3 | AB31: 3 | AC31: 3 | AD31: 3 | AE31: 5 | AF31: 4 | AH31: 0 | AI31: 0 | AJ31: 1 | AK31: 0 | AL31: 0 | AM31: 0 | AN31: Établissement | AO31: 4 | AP31: 5 | AQ31: 4 | AS31: 3 | AT31: 1 | AU31: 3 | AV31: 0 | AW31: 1 | AX31: 1 | AY31: 0 | AZ31: 0 | BA31: Entretien individuel avec un encadreur | Mentorat/tutorat par un pair | BB31: 3 à 5 fois | BC31: 1 | BD31: 3 | BE31: 1 | BF31: 2 | BG31: 4 | BH31: 3 | BI31: 5 | BJ31: 3 | BK31: 5 | BL31: 4 | BM31: 3 | BN31: 3 | BO31: 5 | BP31: 4 | BQ31: 5 | BR31: 1 | BT31: 3 | BU31: 3 | BV31: 4 | BW31: 2 | BX31: 5 | BY31: 3 | BZ31: 2 | CA31: Souvent | CB31: 0 | CC31: 0 | CD31: 1 | CE31: 1 | CF31: Manque de compétences numériques | Pas d'obstacle majeur | CG31: 4 | CH31: 4 | CI31: 1 | CJ31: 5 | CK31: Mixte (présentiel + à distance) | CL31: Formation longue (plusieurs semaines continues) | CM31: Oui, absolument | CO31: Manque de moyens et de suivi de proximité. | CQ31: Manque de moyens et de suivi de proximité. | CR31: oui
A32: 31 | B32: 121-122-123-124 | C32: CEG 2 Lokossa | D32: Abomey | E32: OUEME | F32: Privé | G32: Féminin | H32: 40-49 ans | I32: plus de 20 ans | J32: FE | L32: CAPES | M32: BAC | N32: Lettres | P32: Oui | Q32: 6 à 10 jours | R32: Oui | S32: 1 | T32: 0 | U32: 0 | V32: 0 | W32: 1 | X32: Aucun de ces équipements | AB32: 3 | AC32: 3 | AD32: 2 | AE32: 4 | AF32: 4 | AG32: 4 | AH32: 0 | AI32: 0 | AJ32: 0 | AK32: 0 | AL32: 0 | AM32: 1 | AN32: Autre | AO32: 3 | AP32: 3 | AQ32: 2 | AR32: 2 | AS32: 1 | AT32: 3 | AU32: 4 | AV32: 0 | AW32: 0 | AX32: 1 | AY32: 0 | AZ32: 1 | BA32: Mentorat/tutorat par un pair | Aucun accompagnement reçu | BB32: Jamais | BC32: 4 | BD32: 4 | BF32: 2 | BG32: 5 | BH32: 4 | BI32: 4 | BK32: 4 | BL32: 4 | BN32: 2 | BO32: 3 | BP32: 5 | BQ32: 4 | BR32: 4 | BS32: 3 | BT32: 1 | BU32: 3 | BV32: 3 | BW32: 2 | BX32: 3 | BY32: 3 | BZ32: 5 | CA32: Rarement | CB32: 0 | CC32: 1 | CD32: 0 | CE32: 0 | CF32: Matériel insuffisant | CG32: 3 | CH32: 1 | CI32: 4 | CJ32: 4 | CK32: Autre | CL32: Deux jours consécutifs | CM32: Oui, absolument | CO32: Manque de moyens et de suivi de proximité. | CQ32: Manque de moyens et de suivi de proximité. | CR32: oui
A33: 32 | B33: 125-126-127-128 | C33: CEG 6 Abomey | D33: Cotonou | E33: LITTORAL | F33: Public | G33: Masculin | H33: 50 ans et plus | I33: 11-20 ans | J33: AME | L33: Licence Pro | M33: Maîtrise | N33: Sciences et Technologies | P33: Non | Q33: 1 à 2 jours | R33: Oui | S33: 4 | T33: 1 | U33: 0 | V33: 0 | W33: 1 | X33: Aucun de ces équipements | Smartphone | Y33: 5 | Z33: 3 | AA33: 5 | AB33: 3 | AC33: 4 | AD33: 2 | AE33: 3 | AF33: 3 | AG33: 3 | AH33: 1 | AI33: 0 | AJ33: 0 | AK33: 0 | AL33: 1 | AM33: 0 | AN33: Ministère | Initiative personnelle | AO33: 4 | AP33: 3 | AQ33: 5 | AR33: 5 | AS33: 5 | AT33: 4 | AU33: 3 | AV33: 0 | AW33: 1 | AX33: 0 | AY33: 1 | AZ33: 0 | BA33: Réunion collective de suivi (conseil d'enseignement, animation pédagogique) | Entretien individuel avec un encadreur | BC33: 2 | BD33: 4 | BE33: 5 | BF33: 2 | BG33: 4 | BH33: 4 | BI33: 4 | BJ33: 2 | BK33: 1 | BL33: 4 | BM33: 2 | BN33: 4 | BO33: 4 | BP33: 5 | BQ33: 1 | BR33: 3 | BS33: 4 | BT33: 4 | BU33: 3 | BV33: 5 | BW33: 4 | BX33: 3 | BY33: 5 | BZ33: 4 | CA33: Souvent | CB33: 1 | CC33: 0 | CD33: 0 | CE33: 0 | CF33: Accès limité à Internet | CG33: 4 | CH33: 4 | CI33: 2 | CJ33: 2 | CK33: Présentiel pur | CL33: Une journée complète | CM33: Plutôt non | CN33: Manque de moyens et de suivi de proximité. | CO33: Manque de moyens et de suivi de proximité. | CQ33: Motiver les enseignants et former les encadreurs. | CR33: oui
A34: 33 | B34: 129-130-131-132 | C34: CEG 5 Cotonou | D34: Natitingou | E34: BORGOU | F34: Privé | G34: Féminin | H34: moins de 30 ans | I34: 5-10 ans | J34: AME | L34: Licence Pro | M34: Master | N34: Lettres | P34: Oui | Q34: 1 à 2 jours | R34: Non | S34: 5 | T34: 0 | U34: 0 | V34: 1 | W34: 0 | X34: Connexion Internet à domicile | Y34: 4 | Z34: 3 | AA34: 3 | AB34: 4 | AC34: 3 | AD34: 3 | AE34: 2 | AF34: 4 | AG34: 5 | AH34: 0 | AI34: 0 | AJ34: 0 | AK34: 1 | AL34: 1 | AM34: 0 | AN34: Initiative personnelle | ONG/Partenaires | AO34: 5 | AP34: 2 | AQ34: 5 | AR34: 3 | AS34: 3 | AT34: 3 | AU34: 4 | AV34: 0 | AW34: 0 | AX34: 0 | AY34: 1 | AZ34: 0 | BA34: Réunion collective de suivi (conseil d'enseignement, animation pédagogique) | BB34: 1 à 2 fois | BC34: 4 | BD34: 3 | BE34: 4 | BF34: 2 | BG34: 2 | BH34: 3 | BI34: 5 | BJ34: 5 | BK34: 1 | BL34: 3 | BM34: 1 | BN34: 5 | BO34: 5 | BP34: 3 | BQ34: 4 | BR34: 4 | BS34: 1 | BT34: 2 | BU34: 4 | BV34: 5 | BW34: 5 | BX34: 4 | BY34: 4 | BZ34: 2 | CA34: Parfois | CB34: 0 | CC34: 1 | CD34: 1 | CE34: 0 | CF34: Matériel insuffisant | Manque de compétences numériques | CG34: 2 | CH34: 5 | CI34: 1 | CJ34: 1 | CK34: Autre | CL34: Formation longue (plusieurs semaines continues) | CM34: Indifférent | CN34: Motiver les enseignants et former les encadreurs. | CO34: Manque de moyens et de suivi de proximité. | CQ34: Motiver les enseignants et former les encadreurs. | CR34: oui
A35: 34 | B35: 133-134-135-136 | C35: CEG 5 Porto-Novo | D35: Natitingou | E35: MONO | F35: Public | G35: Féminin | H35: 30-39 ans | I35: plus de 20 ans | J35: ACDPE | L35: Master Pro | M35: Master | N35: Sciences et Technologies | P35: Oui | Q35: 3 à 5 jours | R35: Non | S35: 3 | T35: 1 | U35: 0 | V35: 1 | W35: 0 | X35: Connexion Internet à domicile | Smartphone | AB35: 2 | AC35: 1 | AD35: 5 | AE35: 3 | AF35: 5 | AG35: 4 | AH35: 0 | AI35: 0 | AJ35: 1 | AK35: 0 | AL35: 0 | AM35: 0 | AN35: Établissement | AO35: 3 | AP35: 3 | AQ35: 5 | AR35: 3 | AS35: 2 | AT35: 5 | AU35: 3 | AV35: 0 | AW35: 0 | AX35: 0 | AY35: 1 | AZ35: 0 | BA35: Réunion collective de suivi (conseil d'enseignement, animation pédagogique) | BB35: Plus de 5 fois | BC35: 4 | BD35: 2 | BE35: 3 | BF35: 2 | BG35: 3 | BH35: 2 | BI35: 2 | BJ35: 3 | BK35: 4 | BL35: 2 | BM35: 3 | BN35: 4 | BO35: 1 | BP35: 4 | BQ35: 4 | BR35: 5 | BT35: 3 | BU35: 4 | BV35: 5 | BW35: 5 | BX35: 2 | BY35: 2 | BZ35: 4 | CA35: Parfois | CB35: 1 | CC35: 0 | CD35: 0 | CE35: 0 | CF35: Accès limité à Internet | CG35: 2 | CH35: 5 | CI35: 5 | CJ35: 2 | CK35: Présentiel pur | CL35: Une journée complète | CM35: Non, pas nécessaire | CP35: Manque de moyens et de suivi de proximité. | CQ35: Motiver les enseignants et former les encadreurs. | CR35: oui
A36: 35 | B36: 137-138-139-140 | C36: CEG 1 Porto-Novo | D36: Lokossa | E36: OUEME | F36: Privé | G36: Masculin | H36: moins de 30 ans | I36: 11-20 ans | J36: AME | L36: CAPES | M36: Licence | N36: Sciences Humaines | P36: Oui | Q36: 1 à 2 jours | R36: Non | S36: Sans objet | T36: 0 | U36: 1 | V36: 0 | W36: 0 | X36: Ordinateur/tablette | Y36: 3 | Z36: 3 | AA36: 3 | AB36: 3 | AC36: 3 | AD36: 3 | AE36: 3 | AF36: 4 | AG36: 3 | AH36: 0 | AI36: 0 | AJ36: 0 | AK36: 1 | AL36: 0 | AM36: 0 | AN36: ONG/Partenaires | AO36: 1 | AP36: 3 | AQ36: 5 | AR36: 4 | AS36: 1 | AT36: 4 | AU36: 4 | AV36: 1 | AW36: 0 | AX36: 0 | AY36: 0 | AZ36: 1 | BA36: Visite de classe en situation | Aucun accompagnement reçu | BB36: Jamais | BC36: 4 | BD36: 3 | BE36: 3 | BF36: 1 | BG36: 3 | BH36: 4 | BI36: 5 | BJ36: 3 | BK36: 3 | BL36: 2 | BM36: 2 | BO36: 2 | BP36: 5 | BQ36: 1 | BR36: 4 | BS36: 3 | BT36: 4 | BU36: 4 | BV36: 3 | BW36: 2 | BX36: 5 | BY36: 4 | BZ36: 4 | CA36: Souvent | CB36: 0 | CC36: 0 | CD36: 1 | CE36: 0 | CF36: Manque de compétences numériques | CG36: 4 | CH36: 2 | CI36: 1 | CJ36: 2 | CK36: Autre | CL36: Modules répartis sur plusieurs semaines | CM36: Plutôt non | CN36: Motiver les enseignants et former les encadreurs. | CO36: Motiver les enseignants et former les encadreurs. | CP36: Manque de moyens et de suivi de proximité. | CR36: oui
A37: 36 | B37: 141-142-143-144 | C37: CEG 2 Cotonou | D37: Abomey | E37: ZOU | F37: Privé | G37: Masculin | H37: moins de 30 ans | I37: 5-10 ans | J37: ACDPE | L37: CAPES | M37: Maîtrise | N37: Autre | P37: Non | Q37: 6 à 10 jours | R37: Oui | S37: 4 | T37: 1 | U37: 1 | V37: 0 | W37: 0 | X37: Ordinateur/tablette | Smartphone | AB37: 2 | AC37: 2 | AD37: 4 | AE37: 4 | AF37: 3 | AG37: 3 | AH37: 0 | AI37: 0 | AJ37: 1 | AK37: 0 | AL37: 0 | AM37: 0 | AN37: Établissement | AO37: 2 | AP37: 5 | AQ37: 2 | AR37: 1 | AS37: 4 | AT37: 5 | AU37: 3 | AV37: 0 | AW37: 1 | AX37: 0 | AY37: 1 | AZ37: 0 | BA37: Réunion collective de suivi (conseil d'enseignement, animation pédagogique) | Entretien individuel avec un encadreur | BB37: 1 à 2 fois | BC37: 5 | BD37: 5 | BF37: 5 | BG37: 5 | BH37: 4 | BI37: 3 | BJ37: 4 | BK37: 5 | BL37: 5 | BM37: 5 | BN37: 5 | BO37: 2 | BP37: 5 | BQ37: 4 | BR37: 5 | BS37: 4 | BT37: 4 | BU37: 2 | BV37: 4 | BW37: 2 | BX37: 3 | BY37: 4 | BZ37: 2 | CA37: Rarement | CB37: 1 | CC37: 0 | CD37: 0 | CE37: 1 | CF37: Pas d'obstacle majeur | Accès limité à Internet | CG37: 3 | CH37: 3 | CI37: 4 | CJ37: 3 | CK37: Autre | CL37: Formation longue (plusieurs semaines continues) | CM37: Oui, absolument | CN37: Motiver les enseignants et former les encadreurs. | CO37: Motiver les enseignants et former les encadreurs. | CP37: Manque de moyens et de suivi de proximité. | CR37: oui
A38: 37 | B38: 145-146-147-148 | C38: CEG 1 Natitingou | D38: Parakou | E38: LITTORAL | F38: Public | G38: Féminin | H38: 50 ans et plus | I38: plus de 20 ans | J38: AME | L38: Licence Pro | M38: Maîtrise | N38: Lettres | P38: Non | Q38: Plus de 10 jours | R38: Oui | S38: 3 | T38: 1 | U38: 0 | V38: 0 | W38: 0 | X38: Smartphone | Y38: 2 | Z38: 3 | AA38: 4 | AB38: 4 | AC38: 5 | AD38: 2 | AE38: 2 | AF38: 2 | AG38: 1 | AH38: 1 | AI38: 0 | AJ38: 1 | AK38: 0 | AL38: 0 | AM38: 0 | AN38: Ministère | Établissement | AO38: 4 | AP38: 4 | AQ38: 3 | AR38: 1 | AS38: 5 | AT38: 5 | AU38: 4 | AV38: 0 | AW38: 0 | AX38: 0 | AY38: 1 | AZ38: 0 | BA38: Réunion collective de suivi (conseil d'enseignement, animation pédagogique) | BB38: 1 à 2 fois | BC38: 5 | BD38: 3 | BE38: 4 | BF38: 3 | BG38: 4 | BH38: 5 | BI38: 5 | BK38: 2 | BL38: 5 | BM38: 5 | BN38: 3 | BO38: 2 | BP38: 5 | BQ38: 4 | BR38: 1 | BS38: 3 | BT38: 5 | BU38: 3 | BV38: 4 | BW38: 4 | BX38: 4 | BY38: 4 | BZ38: 3 | CA38: Souvent | CB38: 0 | CC38: 0 | CD38: 1 | CE38: 1 | CF38: Pas d'obstacle majeur | Manque de compétences numériques | CG38: 4 | CH38: 5 | CI38: 4 | CJ38: 4 | CK38: Mixte (présentiel + à distance) | CL38: Deux jours consécutifs | CM38: Oui, absolument | CO38: Motiver les enseignants et former les encadreurs. | CP38: Motiver les enseignants et former les encadreurs. | CR38: oui
A39: 38 | B39: 149-150-151-152 | C39: CEG 6 Natitingou | D39: Lokossa | E39: MONO | F39: Public | G39: Masculin | H39: moins de 30 ans | I39: plus de 20 ans | J39: AME | L39: Licence Pro | M39: Master | N39: Lettres | P39: Non | R39: Oui | S39: 1 | T39: 0 | U39: 1 | V39: 1 | W39: 0 | X39: Connexion Internet à domicile | Ordinateur/tablette | Y39: 1 | Z39: 2 | AA39: 2 | AB39: 3 | AC39: 3 | AD39: 5 | AE39: 4 | AF39: 1 | AG39: 2 | AH39: 0 | AI39: 0 | AJ39: 1 | AK39: 1 | AL39: 0 | AM39: 0 | AN39: Établissement | ONG/Partenaires | AO39: 4 | AP39: 1 | AQ39: 5 | AR39: 4 | AS39: 4 | AT39: 3 | AU39: 4 | AV39: 0 | AW39: 0 | AX39: 0 | AY39: 1 | AZ39: 1 | BA39: Réunion collective de suivi (conseil d'enseignement, animation pédagogique) | Aucun accompagnement reçu | BB39: Plus de 5 fois | BC39: 1 | BD39: 2 | BE39: 4 | BF39: 4 | BG39: 3 | BH39: 3 | BI39: 3 | BJ39: 5 | BK39: 3 | BL39: 5 | BM39: 4 | BN39: 2 | BO39: 5 | BP39: 2 | BQ39: 2 | BR39: 3 | BT39: 3 | BU39: 5 | BV39: 1 | BW39: 3 | BX39: 3 | BY39: 4 | BZ39: 3 | CA39: Très souvent | CB39: 1 | CC39: 0 | CD39: 0 | CE39: 1 | CF39: Pas d'obstacle majeur | Accès limité à Internet | CG39: 5 | CH39: 3 | CJ39: 4 | CK39: Autre | CL39: Formation longue (plusieurs semaines continues) | CM39: Non, pas nécessaire | CP39: Manque de moyens et de suivi de proximité. | CQ39: Motiver les enseignants et former les encadreurs. | CR39: oui
A40: 39 | B40: 153-154-155-156 | C40: CEG 8 Natitingou | D40: Porto-Novo | E40: LITTORAL | F40: Public | G40: Masculin | H40: 30-39 ans | I40: plus de 20 ans | J40: FE | L40: BAPES | M40: BAC | N40: Sciences et Technologies | P40: Non | Q40: Plus de 10 jours | R40: Non | S40: 4 | T40: 1 | U40: 0 | V40: 0 | W40: 1 | X40: Aucun de ces équipements | Smartphone | AB40: 3 | AC40: 4 | AD40: 4 | AE40: 2 | AF40: 2 | AG40: 4 | AH40: 0 | AI40: 0 | AJ40: 0 | AK40: 1 | AL40: 0 | AM40: 0 | AN40: ONG/Partenaires | AO40: 4 | AP40: 4 | AQ40: 2 | AR40: 1 | AS40: 3 | AT40: 4 | AU40: 4 | AV40: 0 | AW40: 1 | AX40: 0 | AY40: 0 | AZ40: 0 | BA40: Entretien individuel avec un encadreur | BB40: Jamais | BC40: 4 | BD40: 3 | BE40: 2 | BG40: 2 | BH40: 3 | BJ40: 3 | BK40: 3 | BL40: 2 | BM40: 2 | BN40: 3 | BO40: 3 | BP40: 5 | BQ40: 3 | BR40: 3 | BS40: 4 | BT40: 3 | BU40: 2 | BV40: 3 | BW40: 4 | BX40: 5 | BY40: 3 | BZ40: 1 | CA40: Jamais | CB40: 0 | CC40: 0 | CD40: 1 | CE40: 0 | CF40: Manque de compétences numériques | CG40: 3 | CH40: 3 | CI40: 2 | CJ40: 4 | CK40: Mixte (présentiel + à distance) | CL40: Formation longue (plusieurs semaines continues) | CM40: Non, pas nécessaire | CO40: Motiver les enseignants et former les encadreurs. | CP40: Manque de moyens et de suivi de proximité. | CQ40: Manque de moyens et de suivi de proximité.
A41: 40 | B41: 157-158-159-160 | C41: CEG 2 Parakou | D41: Porto-Novo | E41: ATACORA | F41: Privé | H41: moins de 30 ans | I41: 5-10 ans | J41: ACDPE | L41: Licence Pro | M41: Maîtrise | N41: Autre | P41: Oui | Q41: Plus de 10 jours | R41: Non | S41: 3 | T41: 0 | U41: 0 | V41: 0 | W41: 1 | X41: Aucun de ces équipements | AB41: 4 | AC41: 5 | AD41: 3 | AE41: 5 | AF41: 3 | AG41: 5 | AH41: 0 | AI41: 1 | AJ41: 0 | AK41: 0 | AL41: 1 | AM41: 0 | AN41: Inspection | Initiative personnelle | AO41: 4 | AP41: 4 | AQ41: 3 | AR41: 5 | AS41: 3 | AT41: 5 | AU41: 3 | AV41: 0 | AW41: 0 | AX41: 1 | AY41: 0 | AZ41: 0 | BA41: Mentorat/tutorat par un pair | BB41: 3 à 5 fois | BC41: 3 | BD41: 4 | BE41: 3 | BG41: 1 | BH41: 1 | BI41: 4 | BJ41: 2 | BK41: 4 | BL41: 1 | BM41: 3 | BN41: 2 | BO41: 4 | BQ41: 4 | BR41: 4 | BS41: 5 | BT41: 3 | BU41: 3 | BV41: 5 | BW41: 4 | BX41: 4 | BY41: 3 | BZ41: 1 | CA41: Jamais | CB41: 1 | CC41: 1 | CD41: 0 | CE41: 0 | CF41: Matériel insuffisant | Accès limité à Internet | CG41: 2 | CH41: 5 | CI41: 3 | CJ41: 3 | CK41: Mixte (présentiel + à distance) | CL41: Deux jours consécutifs | CM41: Non, pas nécessaire | CO41: Manque de moyens et de suivi de proximité. | CP41: Manque de moyens et de suivi de proximité. | CR41: oui
A42: 41 | B42: 161-162-163-164 | C42: CEG 3 Cotonou | D42: Parakou | E42: ATACORA | F42: Privé | G42: Féminin | H42: moins de 30 ans | J42: AME | L42: Licence Pro | M42: Maîtrise | N42: Lettres | P42: Oui | Q42: 3 à 5 jours | R42: Non | S42: 4 | T42: 1 | U42: 1 | V42: 0 | W42: 0 | X42: Ordinateur/tablette | Smartphone | Y42: 3 | Z42: 4 | AA42: 3 | AB42: 1 | AC42: 4 | AD42: 4 | AE42: 1 | AF42: 1 | AG42: 5 | AH42: 0 | AI42: 0 | AJ42: 1 | AK42: 0 | AL42: 1 | AM42: 0 | AN42: Établissement | Initiative personnelle | AO42: 1 | AP42: 2 | AQ42: 2 | AR42: 1 | AS42: 4 | AT42: 3 | AU42: 1 | AV42: 1 | AW42: 0 | AX42: 0 | AY42: 0 | AZ42: 0 | BA42: Visite de classe en situation | BB42: Plus de 5 fois | BC42: 4 | BD42: 2 | BE42: 2 | BF42: 4 | BG42: 1 | BH42: 3 | BI42: 4 | BJ42: 4 | BK42: 5 | BL42: 4 | BM42: 3 | BN42: 4 | BO42: 2 | BP42: 3 | BQ42: 4 | BR42: 3 | BS42: 5 | BT42: 2 | BU42: 4 | BV42: 5 | BW42: 4 | BX42: 5 | BY42: 5 | CA42: Rarement | CB42: 0 | CC42: 1 | CD42: 0 | CE42: 1 | CF42: Matériel insuffisant | Pas d'obstacle majeur | CG42: 3 | CH42: 1 | CI42: 2 | CJ42: 3 | CL42: Modules répartis sur plusieurs semaines | CM42: Plutôt non | CO42: Motiver les enseignants et former les encadreurs. | CP42: Manque de moyens et de suivi de proximité. | CQ42: Motiver les enseignants et former les encadreurs. | CR42: oui
A43: 42 | B43: 165-166-167-168 | C43: CEG 6 Natitingou | D43: Porto-Novo | E43: ATACORA | F43: Privé | G43: Masculin | H43: 40-49 ans | I43: 11-20 ans | J43: AME | L43: BAPES | M43: BAC | N43: Sciences et Technologies | P43: Oui | Q43: 3 à 5 jours | R43: Oui | S43: 4 | T43: 0 | U43: 1 | V43: 0 | W43: 1 | X43: Aucun de ces équipements | Ordinateur/tablette | Y43: 5 | Z43: 4 | AA43: 4 | AB43: 3 | AD43: 2 | AE43: 5 | AF43: 3 | AG43: 4 | AH43: 0 | AI43: 1 | AJ43: 0 | AK43: 0 | AL43: 0 | AM43: 0 | AN43: Inspection | AO43: 4 | AP43: 4 | AQ43: 5 | AR43: 5 | AS43: 1 | AT43: 3 | AV43: 0 | AW43: 0 | AX43: 1 | AY43: 0 | AZ43: 1 | BA43: Aucun accompagnement reçu | Mentorat/tutorat par un pair | BB43: Plus de 5 fois | BC43: 3 | BD43: 3 | BE43: 3 | BF43: 4 | BG43: 2 | BH43: 2 | BI43: 5 | BJ43: 3 | BK43: 5 | BL43: 3 | BM43: 4 | BN43: 3 | BO43: 3 | BP43: 2 | BQ43: 3 | BR43: 4 | BS43: 3 | BT43: 3 | BU43: 2 | BV43: 5 | BW43: 5 | BX43: 5 | BY43: 3 | BZ43: 4 | CA43: Rarement | CB43: 0 | CC43: 0 | CD43: 0 | CE43: 1 | CF43: Pas d'obstacle majeur | CG43: 4 | CH43: 4 | CI43: 4 | CJ43: 3 | CK43: Mixte (présentiel + à distance) | CL43: Deux jours consécutifs | CM43: Indifférent | CN43: Motiver les enseignants et former les encadreurs. | CO43: Manque de moyens et de suivi de proximité. | CP43: Motiver les enseignants et former les encadreurs. | CQ43: Manque de moyens et de suivi de proximité. | CR43: oui
A44: 43 | B44: 169-170-171-172 | C44: CEG 6 Lokossa | D44: Parakou | E44: LITTORAL | F44: Privé | G44: Féminin | H44: 40-49 ans | I44: plus de 20 ans | J44: ACDPE | L44: BAPES | M44: Licence | N44: Sciences et Technologies | P44: Non | R44: Non | S44: 1 | T44: 1 | U44: 0 | V44: 0 | W44: 0 | X44: Smartphone | AB44: 5 | AC44: 3 | AD44: 4 | AE44: 2 | AF44: 2 | AG44: 3 | AH44: 0 | AI44: 0 | AJ44: 0 | AK44: 0 | AL44: 0 | AM44: 1 | AN44: Autre | AO44: 2 | AP44: 3 | AQ44: 4 | AR44: 5 | AS44: 4 | AT44: 5 | AU44: 4 | AV44: 0 | AW44: 0 | AX44: 0 | AY44: 1 | AZ44: 1 | BA44: Aucun accompagnement reçu | Réunion collective de suivi (conseil d'enseignement, animation pédagogique) | BB44: Jamais | BC44: 5 | BE44: 3 | BF44: 5 | BG44: 4 | BH44: 1 | BI44: 5 | BJ44: 4 | BK44: 3 | BL44: 4 | BM44: 3 | BN44: 5 | BO44: 1 | BP44: 4 | BQ44: 1 | BR44: 2 | BS44: 4 | BT44: 2 | BU44: 2 | BV44: 2 | BW44: 3 | BX44: 1 | BY44: 4 | BZ44: 3 | CA44: Très souvent | CB44: 0 | CC44: 1 | CD44: 0 | CE44: 1 | CF44: Matériel insuffisant | Pas d'obstacle majeur | CG44: 2 | CH44: 4 | CI44: 2 | CJ44: 4 | CK44: Présentiel pur | CL44: Une journée complète | CN44: Manque de moyens et de suivi de proximité. | CO44: Manque de moyens et de suivi de proximité.
A45: 44 | B45: 173-174-175-176 | C45: CEG 2 Natitingou | D45: Porto-Novo | E45: LITTORAL | F45: Public | G45: Masculin | H45: 30-39 ans | I45: moins de 5 ans | J45: ACDPE | L45: CAPES | M45: Master | N45: Sciences et Technologies | P45: Oui | Q45: 1 à 2 jours | R45: Oui | S45: 4 | T45: 0 | U45: 1 | V45: 0 | W45: 1 | X45: Aucun de ces équipements | Ordinateur/tablette | AB45: 1 | AC45: 2 | AD45: 1 | AE45: 5 | AF45: 4 | AG45: 4 | AH45: 0 | AI45: 0 | AJ45: 0 | AK45: 1 | AL45: 0 | AM45: 0 | AN45: ONG/Partenaires | AP45: 1 | AQ45: 5 | AR45: 3 | AS45: 3 | AT45: 3 | AU45: 2 | AV45: 0 | AW45: 1 | AX45: 0 | AY45: 0 | AZ45: 0 | BA45: Entretien individuel avec un encadreur | BC45: 4 | BD45: 5 | BE45: 4 | BF45: 2 | BG45: 5 | BH45: 5 | BI45: 4 | BJ45: 2 | BK45: 4 | BL45: 1 | BM45: 2 | BN45: 5 | BO45: 2 | BP45: 1 | BQ45: 5 | BR45: 2 | BS45: 3 | BT45: 3 | BU45: 3 | BV45: 5 | BW45: 1 | BY45: 3 | BZ45: 5 | CA45: Très souvent | CB45: 1 | CC45: 0 | CD45: 0 | CE45: 0 | CF45: Accès limité à Internet | CG45: 4 | CH45: 4 | CI45: 5 | CJ45: 1 | CK45: À distance (en ligne) | CL45: Modules répartis sur plusieurs semaines | CM45: Indifférent | CN45: Motiver les enseignants et former les encadreurs. | CO45: Motiver les enseignants et former les encadreurs. | CQ45: Motiver les enseignants et former les encadreurs.
A46: 45 | B46: 177-178-179-180 | C46: CEG 6 Abomey | D46: Lokossa | E46: OUEME | F46: Public | G46: Féminin | H46: moins de 30 ans | I46: 11-20 ans | J46: FE | L46: CAPES | M46: BAC | N46: Autre | P46: Oui | Q46: 1 à 2 jours | R46: Oui | S46: 4 | T46: 1 | U46: 1 | V46: 0 | W46: 0 | X46: Smartphone | Ordinateur/tablette | AB46: 5 | AC46: 4 | AD46: 3 | AE46: 5 | AF46: 2 | AG46: 3 | AH46: 0 | AI46: 0 | AJ46: 0 | AK46: 0 | AL46: 0 | AM46: 1 | AN46: Autre | AO46: 5 | AP46: 4 | AQ46: 4 | AS46: 1 | AT46: 3 | AU46: 5 | AV46: 0 | AW46: 0 | AX46: 1 | AY46: 0 | AZ46: 0 | BA46: Mentorat/tutorat par un pair | BB46: 1 à 2 fois | BC46: 2 | BD46: 4 | BE46: 1 | BF46: 2 | BG46: 1 | BH46: 4 | BI46: 5 | BK46: 5 | BL46: 2 | BM46: 5 | BN46: 2 | BO46: 3 | BP46: 4 | BQ46: 3 | BR46: 3 | BS46: 4 | BT46: 3 | BU46: 2 | BV46: 3 | BW46: 1 | BX46: 2 | BY46: 2 | BZ46: 2 | CB46: 1 | CC46: 1 | CD46: 0 | CE46: 0 | CF46: Accès limité à Internet | Matériel insuffisant | CG46: 3 | CH46: 3 | CJ46: 5 | CK46: Mixte (présentiel + à distance) | CM46: Plutôt non | CO46: Motiver les enseignants et former les encadreurs. | CP46: Motiver les enseignants et former les encadreurs. | CQ46: Manque de moyens et de suivi de proximité.

Sheet Dictionnaire
A1: Code | B1: Libellé de la question / affirmation | C1: Section | D1: Page | E1: Type | F1: Modalités | G1: Item inversé
A2: etablissement | B2: Établissement | C2: I. Informations générales | D2: 1 | E2: texte
A3: ville | B3: Ville | C3: I. Informations générales | D3: 1 | E3: texte
A4: departement | B4: Département | C4: I. Informations générales | D4: 1 | E4: texte
A5: type_etablissement | B5: Type d'établissement | C5: I. Informations générales | D5: 1 | E5: choix unique | F5: Public / Privé
A6: sexe | B6: Sexe | C6: I. Informations générales | D6: 1 | E6: choix unique | F6: Masculin / Féminin
A7: age | B7: Âge | C7: I. Informations générales | D7: 1 | E7: choix unique | F7: moins de 30 ans / 30-39 ans / 40-49 ans / 50 ans et plus
A8: anciennete | B8: Ancienneté dans l'enseignement | C8: I. Informations générales | D8: 1 | E8: choix unique | F8: moins de 5 ans / 5-10 ans / 11-20 ans / plus de 20 ans
A9: statut | B9: Statut professionnel | C9: I. Informations générales | D9: 1 | E9: choix unique | F9: FE / ACDPE / AME / Autre
A10: statut_autre | B10: Statut professionnel — précision « Autre » | C10: I. Informations générales | D10: 1 | E10: texte
A11: diplome_pro | B11: Diplôme professionnel | C11: I. Informations générales | D11: 1 | E11: choix unique | F11: CAPES / BAPES / Licence Pro / Master Pro
A12: diplome_academique | B12: Diplôme académique | C12: I. Informations générales | D12: 1 | E12: choix unique | F12: BAC / Licence / Maîtrise / Master
A13: discipline | B13: Discipline enseignée (groupe) | C13: I. Informations générales | D13: 1 | E13: choix unique | F13: Lettres / Sciences et Technologies / Sciences Humaines / Autre
A14: discipline_autre | B14: Discipline — précision « Autre » | C14: I. Informations générales | D14: 1 | E14: texte
A15: formation_12mois | B15: Avez-vous participé à au moins une activité de formation continue au cours des 12 derniers mois ? | C15: I. Informations générales | D15: 1 | E15: choix unique | F15: Oui / Non
A16: nb_jours_formation | B16: Si oui, combien de jours de formation avez-vous suivis (cumulés) ? | C16: I. Informations générales | D16: 1 | E16: choix unique | F16: 1 à 2 jours / 3 à 5 jours / 6 à 10 jours / Plus de 10 jours
A17: formation_distance | B17: Avez-vous déjà suivi une formation à distance ou hybride, même partiellement ? | C17: I. Informations générales | D17: 1 | E17: choix unique | F17: Oui / Non
A18: satisfaction_distance | B18: Si oui, niveau de satisfaction globale vis-à-vis de cette expérience | C18: I. Informations générales | D18: 1 | E18: choix unique | F18: 1 / 2 / 3 / 4 / 5 / Sans objet
A19: equipements | B19: Quel(s) équipement(s) personnel(s) utilisez-vous ou pourriez-vous utiliser pour vous former ? | C19: I. Informations générales | D19: 1 | E19: choix multiple | F19: Smartphone / Ordinateur/tablette / Connexion Internet à domicile / Aucun de ces équipements
A20: ame_a | B20: Je me sens suffisamment accompagné(e) dans mon insertion professionnelle en tant qu'AME. | C20: I bis. Volet spécifique AME | D20: 2 | E20: échelle 1-5 | F20: 1=Pas du tout d'accord / 2=Peu d'accord / 3=Neutre / 4=D'accord / 5=Tout à fait d'accord
A21: ame_b | B21: Mon statut d'AME limite mon accès aux mêmes formations que les enseignants titulaires. | C21: I bis. Volet spécifique AME | D21: 2 | E21: échelle 1-5 | F21: 1=Pas du tout d'accord / 2=Peu d'accord / 3=Neutre / 4=D'accord / 5=Tout à fait d'accord | G21: oui
A22: ame_c | B22: Un accompagnement spécifique aux AME, au-delà des formations générales, serait utile à mon intégration professionnelle. | C22: I bis. Volet spécifique AME | D22: 2 | E22: échelle 1-5 | F22: 1=Pas du tout d'accord / 2=Peu d'accord / 3=Neutre / 4=D'accord / 5=Tout à fait d'accord
A23: q1 | B23: Je suis régulièrement informé à l'avance des opportunités de formation. | C23: II. Politique et organisation de la formation continue | D23: 2 | E23: échelle 1-5 | F23: 1=Pas du tout d'accord / 2=Peu d'accord / 3=Neutre / 4=D'accord / 5=Tout à fait d'accord
A24: q2 | B24: Les formations sont organisées de façon ponctuelle, sans continuité dans l'année. | C24: II. Politique et organisation de la formation continue | D24: 2 | E24: échelle 1-5 | F24: 1=Pas du tout d'accord / 2=Peu d'accord / 3=Neutre / 4=D'accord / 5=Tout à fait d'accord | G24: oui
A25: q3 | B25: Les thèmes de formation sont choisis sans me consulter (décision descendante). | C25: II. Politique et organisation de la formation continue | D25: 2 | E25: échelle 1-5 | F25: 1=Pas du tout d'accord / 2=Peu d'accord / 3=Neutre / 4=D'accord / 5=Tout à fait d'accord | G25: oui
A26: q4 | B26: Les Animations Pédagogiques de Zone (APZ) répondent à mes besoins réels. | C26: II. Politique et organisation de la formation continue | D26: 2 | E26: échelle 1-5 | F26: 1=Pas du tout d'accord / 2=Peu d'accord / 3=Neutre / 4=D'accord / 5=Tout à fait d'accord
A27: q5 | B27: Les Animations Pédagogiques d'Établissement (APE/APH) sont utiles pour ma pratique quotidienne. | C27: II. Politique et organisation de la formation continue | D27: 2 | E27: échelle 1-5 | F27: 1=Pas du tout d'accord / 2=Peu d'accord / 3=Neutre / 4=D'accord / 5=Tout à fait d'accord
A28: q6 | B28: Les formations dépendent trop de projets extérieurs (ONG, bailleurs, projets temporaires). | C28: II. Politique et organisation de la formation continue | D28: 2 | E28: échelle 1-5 | F28: 1=Pas du tout d'accord / 2=Peu d'accord / 3=Neutre / 4=D'accord / 5=Tout à fait d'accord | G28: oui
A29: q7 | B29: Qui initie généralement les formations que vous suivez ? | C29: II. Politique et organisation de la formation continue | D29: 2 | E29: choix multiple | F29: Ministère / Inspection / Établissement / ONG/Partenaires / Initiative personnelle / Autre
A30: q8 | B30: Les formations répondent à mes besoins réels rencontrés en classe. | C30: III. Pertinence, approche pédagogique et réflexivité | D30: 2 | E30: échelle 1-5 | F30: 1=Pas du tout d'accord / 2=Peu d'accord / 3=Neutre / 4=D'accord / 5=Tout à fait d'accord
A31: q9 | B31: Les contenus sont trop théoriques et éloignés de ma réalité de terrain. | C31: III. Pertinence, approche pédagogique et réflexivité | D31: 2 | E31: échelle 1-5 | F31: 1=Pas du tout d'accord / 2=Peu d'accord / 3=Neutre / 4=D'accord / 5=Tout à fait d'accord | G31: oui
A32: q10 | B32: Les formations sont adaptées à l'Approche Par Compétences (APC) attendue dans les programmes. | C32: III. Pertinence, approche pédagogique et réflexivité | D32: 2 | E32: échelle 1-5 | F32: 1=Pas du tout d'accord / 2=Peu d'accord / 3=Neutre / 4=D'accord / 5=Tout à fait d'accord
A33: q11 | B33: Les formateurs valorisent mon expérience professionnelle. | C33: III. Pertinence, approche pédagogique et réflexivité | D33: 2 | E33: échelle 1-5 | F33: 1=Pas du tout d'accord / 2=Peu d'accord / 3=Neutre / 4=D'accord / 5=Tout à fait d'accord
A34: q12 | B34: On utilise des méthodes actives (ateliers, études de cas, résolution de problèmes) pendant les formations. | C34: III. Pertinence, approche pédagogique et réflexivité | D34: 2 | E34: échelle 1-5 | F34: 1=Pas du tout d'accord / 2=Peu d'accord / 3=Neutre / 4=D'accord / 5=Tout à fait d'accord
A35: q13 | B35: Je repars avec des outils ou fiches pratiques immédiatement utilisables en classe. | C35: III. Pertinence, approche pédagogique et réflexivité | D35: 2 | E35: échelle 1-5 | F35: 1=Pas du tout d'accord / 2=Peu d'accord / 3=Neutre / 4=D'accord / 5=Tout à fait d'accord
A36: q14 | B36: Les formations m'amènent à analyser et réfléchir sur ma propre pratique de classe. | C36: III. Pertinence, approche pédagogique et réflexivité | D36: 2 | E36: échelle 1-5 | F36: 1=Pas du tout d'accord / 2=Peu d'accord / 3=Neutre / 4=D'accord / 5=Tout à fait d'accord
A37: q15 | B37: Quelle(s) forme(s) d'accompagnement avez-vous reçue(s) après vos dernières formations ? | C37: IV. Pratiques réelles d'accompagnement | D37: 2 | E37: choix multiple | F37: Visite de classe en situation / Entretien individuel avec un encadreur / Mentorat/tutorat par un pair / Réunion collective de suivi (conseil d'enseignement, animation pédagogique) / Aucun accompagnement reçu
A38: q16 | B38: À quelle fréquence avez-vous bénéficié d'un accompagnement de proximité au cours de la dernière année scolaire ? | C38: IV. Pratiques réelles d'accompagnement | D38: 2 | E38: choix unique | F38: Jamais / 1 à 2 fois / 3 à 5 fois / Plus de 5 fois
A39: q17 | B39: Un suivi rigoureux est assuré après chaque formation (visite en classe, entretien individuel). | C39: IV. Pratiques réelles d'accompagnement | D39: 2 | E39: échelle 1-5 | F39: 1=Pas du tout d'accord / 2=Peu d'accord / 3=Neutre / 4=D'accord / 5=Tout à fait d'accord
A40: q18 | B40: Je bénéficie d'un accompagnement de proximité (conseiller pédagogique, tuteur, pair mentor). | C40: IV. Pratiques réelles d'accompagnement | D40: 2 | E40: échelle 1-5 | F40: 1=Pas du tout d'accord / 2=Peu d'accord / 3=Neutre / 4=D'accord / 5=Tout à fait d'accord
A41: q19 | B41: Les inspecteurs ou encadreurs assurent un suivi efficace après la formation. | C41: IV. Pratiques réelles d'accompagnement | D41: 2 | E41: échelle 1-5 | F41: 1=Pas du tout d'accord / 2=Peu d'accord / 3=Neutre / 4=D'accord / 5=Tout à fait d'accord
A42: q20 | B42: Les effets des formations sur les apprentissages des élèves sont régulièrement évalués. | C42: IV. Pratiques réelles d'accompagnement | D42: 3 | E42: échelle 1-5 | F42: 1=Pas du tout d'accord / 2=Peu d'accord / 3=Neutre / 4=D'accord / 5=Tout à fait d'accord
A43: q21 | B43: Sans accompagnement post-formation, j'ai du mal à mettre en œuvre ce que j'ai appris. | C43: IV. Pratiques réelles d'accompagnement | D43: 3 | E43: échelle 1-5 | F43: 1=Pas du tout d'accord / 2=Peu d'accord / 3=Neutre / 4=D'accord / 5=Tout à fait d'accord | G43: oui
A44: q22 | B44: Un système de tutorat ou mentorat entre enseignants serait utile. | C44: IV. Pratiques réelles d'accompagnement | D44: 3 | E44: échelle 1-5 | F44: 1=Pas du tout d'accord / 2=Peu d'accord / 3=Neutre / 4=D'accord / 5=Tout à fait d'accord
A45: q23 | B45: L'accompagnement reçu porte sur des éléments concrets de ma pratique de classe, et non sur de simples formalités administratives. | C45: IV. Pratiques réelles d'accompagnement | D45: 3 | E45: échelle 1-5 | F45: 1=Pas du tout d'accord / 2=Peu d'accord / 3=Neutre / 4=D'accord / 5=Tout à fait d'accord
A46: q24 | B46: Les acteurs chargés de m'accompagner (inspecteur, conseiller pédagogique, pair mentor) sont clairement identifiés et disponibles. | C46: IV. Pratiques réelles d'accompagnement | D46: 3 | E46: échelle 1-5 | F46: 1=Pas du tout d'accord / 2=Peu d'accord / 3=Neutre / 4=D'accord / 5=Tout à fait d'accord
A47: q25 | B47: Ma charge de travail limite fortement ma participation aux formations. | C47: V. Contraintes et obstacles majeurs | D47: 3 | E47: échelle 1-5 | F47: 1=Pas du tout d'accord / 2=Peu d'accord / 3=Neutre / 4=D'accord / 5=Tout à fait d'accord | G47: oui
A48: q26 | B48: Les contraintes financières (transport, frais divers) freinent mon accès aux formations. | C48: V. Contraintes et obstacles majeurs | D48: 3 | E48: échelle 1-5 | F48: 1=Pas du tout d'accord / 2=Peu d'accord / 3=Neutre / 4=D'accord / 5=Tout à fait d'accord | G48: oui
A49: q27 | B49: Le manque de moyens matériels (salles, équipements, documents) est un frein important. | C49: V. Contraintes et obstacles majeurs | D49: 3 | E49: échelle 1-5 | F49: 1=Pas du tout d'accord / 2=Peu d'accord / 3=Neutre / 4=D'accord / 5=Tout à fait d'accord | G49: oui
A50: q28 | B50: L'éloignement géographique des lieux de formation est un obstacle majeur. | C50: V. Contraintes et obstacles majeurs | D50: 3 | E50: échelle 1-5 | F50: 1=Pas du tout d'accord / 2=Peu d'accord / 3=Neutre / 4=D'accord / 5=Tout à fait d'accord | G50: oui
A51: q29 | B51: Le manque de motivation personnelle ou collective impacte mon engagement. | C51: V. Contraintes et obstacles majeurs | D51: 3 | E51: échelle 1-5 | F51: 1=Pas du tout d'accord / 2=Peu d'accord / 3=Neutre / 4=D'accord / 5=Tout à fait d'accord | G51: oui
A52: q30 | B52: Les animateurs ou formateurs sont parfois insuffisamment formés. | C52: V. Contraintes et obstacles majeurs | D52: 3 | E52: échelle 1-5 | F52: 1=Pas du tout d'accord / 2=Peu d'accord / 3=Neutre / 4=D'accord / 5=Tout à fait d'accord | G52: oui
A53: q31 | B53: Le message des formations est déformé ou affaibli lorsqu'il passe de l'inspecteur au conseiller pédagogique puis à moi. | C53: V. Contraintes et obstacles majeurs | D53: 3 | E53: échelle 1-5 | F53: 1=Pas du tout d'accord / 2=Peu d'accord / 3=Neutre / 4=D'accord / 5=Tout à fait d'accord | G53: oui
A54: q32 | B54: La formation continue actuelle produit des changements durables dans ma pratique enseignante. | C54: VI. Développement professionnel durable | D54: 3 | E54: échelle 1-5 | F54: 1=Pas du tout d'accord / 2=Peu d'accord / 3=Neutre / 4=D'accord / 5=Tout à fait d'accord
A55: q33 | B55: Les formations ne dépendent pas uniquement de projets temporaires (elles pourraient continuer sans eux). | C55: VI. Développement professionnel durable | D55: 3 | E55: échelle 1-5 | F55: 1=Pas du tout d'accord / 2=Peu d'accord / 3=Neutre / 4=D'accord / 5=Tout à fait d'accord
A56: q34 | B56: La formation continue contribue réellement à un enseignement de qualité. | C56: VI. Développement professionnel durable | D56: 3 | E56: échelle 1-5 | F56: 1=Pas du tout d'accord / 2=Peu d'accord / 3=Neutre / 4=D'accord / 5=Tout à fait d'accord
A57: q35 | B57: Je me sens capable d'adapter ma pratique sans accompagnement extérieur après une formation. | C57: VI. Développement professionnel durable | D57: 3 | E57: échelle 1-5 | F57: 1=Pas du tout d'accord / 2=Peu d'accord / 3=Neutre / 4=D'accord / 5=Tout à fait d'accord
A58: q36 | B58: Les formations intègrent efficacement les outils numériques (TIC, plateformes, ressources en ligne). | C58: VII. Numérique, évaluation des formateurs et auto-évaluation | D58: 3 | E58: échelle 1-5 | F58: 1=Pas du tout d'accord / 2=Peu d'accord / 3=Neutre / 4=D'accord / 5=Tout à fait d'accord
A59: q37 | B59: J'ai accès à des ressources numériques pour me former. | C59: VII. Numérique, évaluation des formateurs et auto-évaluation | D59: 3 | E59: échelle 1-5 | F59: 1=Pas du tout d'accord / 2=Peu d'accord / 3=Neutre / 4=D'accord / 5=Tout à fait d'accord
A60: q38 | B60: Les formateurs sont qualifiés pour les contenus qu'ils dispensent. | C60: VII. Numérique, évaluation des formateurs et auto-évaluation | D60: 3 | E60: échelle 1-5 | F60: 1=Pas du tout d'accord / 2=Peu d'accord / 3=Neutre / 4=D'accord / 5=Tout à fait d'accord
A61: q39 | B61: Je peux évaluer anonymement les formateurs après chaque session. | C61: VII. Numérique, évaluation des formateurs et auto-évaluation | D61: 3 | E61: échelle 1-5 | F61: 1=Pas du tout d'accord / 2=Peu d'accord / 3=Neutre / 4=D'accord / 5=Tout à fait d'accord
A62: q40 | B62: Je pratique une auto-évaluation régulière de mes compétences après les formations. | C62: VII. Numérique, évaluation des formateurs et auto-évaluation | D62: 3 | E62: échelle 1-5 | F62: 1=Pas du tout d'accord / 2=Peu d'accord / 3=Neutre / 4=D'accord / 5=Tout à fait d'accord
A63: q41 | B63: À quelle fréquence utilisez-vous le numérique pour vous former ? | C63: VII. Numérique, évaluation des formateurs et auto-évaluation | D63: 3 | E63: choix unique | F63: Jamais / Rarement / Parfois / Souvent / Très souvent
A64: q42 | B64: Quels obstacles numériques rencontrez-vous ? | C64: VII. Numérique, évaluation des formateurs et auto-évaluation | D64: 3 | E64: choix multiple | F64: Accès limité à Internet / Matériel insuffisant / Manque de compétences numériques / Pas d'obstacle majeur
A65: q43 | B65: Je me sens capable d'utiliser seul(e) une plateforme de formation en ligne. | C65: VIII. Conditions technologiques (hybride / à distance) | D65: 4 | E65: échelle 1-5 | F65: 1=Pas du tout d'accord / 2=Peu d'accord / 3=Neutre / 4=D'accord / 5=Tout à fait d'accord
... A71: q49 | B71: Souhaitez-vous un système de tutorat post-formation ? | C71: IX. Perspectives, modalités souhaitées et propositions | D71: 4 | E71: choix unique | F71: Oui, absolument / Plutôt oui / Indifférent / Plutôt non / Non, pas nécessaire
A72: q50a | B72: Principal obstacle actuel à un accompagnement réel et efficace des enseignants au Bénin | C72: IX. Perspectives, modalités souhaitées et propositions | D72: 4 | E72: texte
A73: q50b | B73: Amélioration concrète et prioritaire proposée pour rapprocher les dispositifs prescrits des pratiques réelles | C73: IX. Perspectives, modalités souhaitées et propositions | D73: 4 | E73: texte
A74: q50c | B74: Enjeu principal que l'accompagnement des enseignants doit absolument résoudre | C74: IX. Perspectives, modalités souhaitées et propositions | D74: 4 | E74: texte
A75: q50d | B75: Conditions pour que la formation à distance/hybride devienne un levier crédible | C75: IX. Perspectives, modalités souhaitées et propositions | D75: 4 | E75: texte

Sheet Scores recodés
A1: id_questionnaire | B1: ame_a | C1: ame_b | D1: ame_c | E1: q1 | F1: q2 | G1: q3 | H1: q4 | I1: q5 | J1: q6 | K1: q8 | L1: q9 | M1: q10 | N1: q11 | O1: q12 | P1: q13 | Q1: q14 | R1: q17 | S1: q18 | T1: q19 | U1: q20 | V1: q21 | W1: q22 | X1: q23 | Y1: q24 | Z1: q25 | AA1: q26 | AB1: q27 | AC1: q28 | AD1: q29 | AE1: q30 | AF1: q31 | AG1: q32 | AH1: q33 | AI1: q34 | AJ1: q35 | AK1: q36 | AL1: q37 | AM1: q38 | AN1: q39 | AO1: q40 | AP1: q43 | AQ1: q44 | AR1: q45 | AS1: q46 | AT1: Score I bis | AU1: Score II | AV1: Score III | AW1: Score IV | AX1: Score V | AY1: Score VI | AZ1: Score VII | BA1: Score VIII | BB1: Score global
A2: ='Données brutes'!A2 -> 1 | B2: =IF('Données brutes'!Y2="","",'Données brutes'!Y2) | C2: =IF('Données brutes'!Z2="","",6-'Données brutes'!Z2) | D2: =IF('Données brutes'!AA2="","",'Données brutes'!AA2) | E2: =IF('Données brutes'!AB2="","",'Données brutes'!AB2) -> 4 | F2: =IF('Données brutes'!AC2="","",6-'Données brutes'!AC2) -> 1 | G2: =IF('Données brutes'!AD2="","",6-'Données brutes'!AD2) -> 2 | H2: =IF('Données brutes'!AE2="","",'Données brutes'!AE2) -> 4 | I2: =IF('Données brutes'!AF2="","",'Données brutes'!AF2) -> 3 | J2: =IF('Données brutes'!AG2="","",6-'Données brutes'!AG2) -> 4 | K2: =IF('Données brutes'!AO2="","",'Données brutes'!AO2) -> 1 | L2: =IF('Données brutes'!AP2="","",6-'Données brutes'!AP2) -> 1 | M2: =IF('Données brutes'!AQ2="","",'Données brutes'!AQ2) -> 3 | N2: =IF('Données brutes'!AR2="","",'Données brutes'!AR2) -> 4 | O2: =IF('Données brutes'!AS2="","",'Données brutes'!AS2) -> 4 | P2: =IF('Données brutes'!AT2="","",'Données brutes'!AT2) -> 4 | Q2: =IF('Données brutes'!AU2="","",'Données brutes'!AU2) -> 2 | R2: =IF('Données brutes'!BC2="","",'Données brutes'!BC2) -> 3 | S2: =IF('Données brutes'!BD2="","",'Données brutes'!BD2) -> 2 | T2: =IF('Données brutes'!BE2="","",'Données brutes'!BE2) -> 2 | U2: =IF('Données brutes'!BF2="","",'Données brutes'!BF2) -> 4 | V2: =IF('Données brutes'!BG2="","",6-'Données brutes'!BG2) -> 1 | W2: =IF('Données brutes'!BH2="","",'Données brutes'!BH2) -> 4 | X2: =IF('Données brutes'!BI2="","",'Données brutes'!BI2) -> 2 | Y2: =IF('Données brutes'!BJ2="","",'Données brutes'!BJ2) -> 3 | Z2: =IF('Données brutes'!BK2="","",6-'Données brutes'!BK2) -> 1 | AA2: =IF('Données brutes'!BL2="","",6-'Données brutes'!BL2) -> 3 | AB2: =IF('Données brutes'!BM2="","",6-'Données brutes'!BM2) -> 2 | AC2: =IF('Données brutes'!BN2="","",6-'Données brutes'!BN2) -> 2 | AD2: =IF('Données brutes'!BO2="","",6-'Données brutes'!BO2) -> 1 | AE2: =IF('Données brutes'!BP2="","",6-'Données brutes'!BP2) -> 3 | AF2: =IF('Données brutes'!BQ2="","",6-'Données brutes'!BQ2) -> 2 | AG2: =IF('Données brutes'!BR2="","",'Données brutes'!BR2) -> 4 | AH2: =IF('Données brutes'!BS2="","",'Données brutes'!BS2) -> 3 | AI2: =IF('Données brutes'!BT2="","",'Données brutes'!BT2) -> 3 | AJ2: =IF('Données brutes'!BU2="","",'Données brutes'!BU2) -> 3 | AK2: =IF('Données brutes'!BV2="","",'Données brutes'!BV2) -> 5 | AL2: =IF('Données brutes'!BW2="","",'Données brutes'!BW2) -> 4 | AM2: =IF('Données brutes'!BX2="","",'Données brutes'!BX2) -> 3 | AN2: =IF('Données brutes'!BY2="","",'Données brutes'!BY2) -> 2 | AO2: =IF('Données brutes'!BZ2="","",'Données brutes'!BZ2) -> 4 | AP2: =IF('Données brutes'!CG2="","",'Données brutes'!CG2) -> 3 | AQ2: =IF('Données brutes'!CH2="","",'Données brutes'!CH2) -> 2 | AR2: =IF('Données brutes'!CI2="","",'Données brutes'!CI2) -> 3 | AS2: =IF('Données brutes'!CJ2="","",'Données brutes'!CJ2) -> 5 | AT2: =IFERROR(AVERAGE(B2:D2),"") | AU2: =IFERROR(AVERAGE(E2:J2),"") -> 3 | AV2: =IFERROR(AVERAGE(K2:Q2),"") -> 2.7142857 | AW2: =IFERROR(AVERAGE(R2:Y2),"") -> 2.625 | AX2: =IFERROR(AVERAGE(Z2:AF2),"") -> 2 | AY2: =IFERROR(AVERAGE(AG2:AJ2),"") -> 3.25 | AZ2: =IFERROR(AVERAGE(AK2:AO2),"") -> 3.6 | BA2: =IFERROR(AVERAGE(AP2:AS2),"") -> 3.25 | BB2: =IFERROR(AVERAGE(B2:AS2),"") -> 2.8292683
A3: ='Données brutes'!A3 -> 2 | B3: =IF('Données brutes'!Y3="","",'Données brutes'!Y3) -> 1 | C3: =IF('Données brutes'!Z3="","",6-'Données brutes'!Z3) -> 1 | D3: =IF('Données brutes'!AA3="","",'Données brutes'!AA3) -> 4 | E3: =IF('Données brutes'!AB3="","",'Données brutes'!AB3) -> 5 | F3: =IF('Données brutes'!AC3="","",6-'Données brutes'!AC3) -> 4 | G3: =IF('Données brutes'!AD3="","",6-'Données brutes'!AD3) -> 5 | H3: =IF('Données brutes'!AE3="","",'Données brutes'!AE3) -> 4 | I3: =IF('Données brutes'!AF3="","",'Données brutes'!AF3) -> 3 | J3: =IF('Données brutes'!AG3="","",6-'Données brutes'!AG3) -> 3 | K3: =IF('Données brutes'!AO3="","",'Données brutes'!AO3) -> 4 | L3: =IF('Données brutes'!AP3="","",6-'Données brutes'!AP3) -> 1 | M3: =IF('Données brutes'!AQ3="","",'Données brutes'!AQ3) -> 3 | N3: =IF('Données brutes'!AR3="","",'Données brutes'!AR3) -> 4 | O3: =IF('Données brutes'!AS3="","",'Données brutes'!AS3) -> 3 | P3: =IF('Données brutes'!AT3="","",'Données brutes'!AT3) -> 2 | Q3: =IF('Données brutes'!AU3="","",'Données brutes'!AU3) -> 2 | R3: =IF('Données brutes'!BC3="","",'Données brutes'!BC3) -> 3 | S3: =IF('Données brutes'!BD3="","",'Données brutes'!BD3) -> 3 | T3: =IF('Données brutes'!BE3="","",'Données brutes'!BE3) -> 1 | U3: =IF('Données brutes'!BF3="","",'Données brutes'!BF3) -> 4 | V3: =IF('Données brutes'!BG3="","",6-'Données brutes'!BG3) -> 2 | W3: =IF('Données brutes'!BH3="","",'Données brutes'!BH3) -> 4 | X3: =IF('Données brutes'!BI3="","",'Données brutes'!BI3) -> 5 | Y3: =IF('Données brutes'!BJ3="","",'Données brutes'!BJ3) -> 2 | Z3: =IF('Données brutes'!BK3="","",6-'Données brutes'!BK3) -> 2 | AA3: =IF('Données brutes'!BL3="","",6-'Données brutes'!BL3) -> 4 | AB3: =IF('Données brutes'!BM3="","",6-'Données brutes'!BM3) -> 1 | AC3: =IF('Données brutes'!BN3="","",6-'Données brutes'!BN3) -> 4 | AD3: =IF('Données brutes'!BO3="","",6-'Données brutes'!BO3) -> 3 | AE3: =IF('Données brutes'!BP3="","",6-'Données brutes'!BP3) -> 3 | AF3: =IF('Données brutes'!BQ3="","",6-'Données brutes'!BQ3) | AG3: =IF('Données brutes'!BR3="","",'Données brutes'!BR3) -> 2 | AH3: =IF('Données brutes'!BS3="","",'Données brutes'!BS3) -> 4 | AI3: =IF('Données brutes'!BT3="","",'Données brutes'!BT3) -> 4 | AJ3: =IF('Données brutes'!BU3="","",'Données brutes'!BU3) -> 5 | AK3: =IF('Données brutes'!BV3="","",'Données brutes'!BV3) -> 1 | AL3: =IF('Données brutes'!BW3="","",'Données brutes'!BW3) -> 3 | AM3: =IF('Données brutes'!BX3="","",'Données brutes'!BX3) -> 4 | AN3: =IF('Données brutes'!BY3="","",'Données brutes'!BY3) | AO3: =IF('Données brutes'!BZ3="","",'Données brutes'!BZ3) -> 3 | AP3: =IF('Données brutes'!CG3="","",'Données brutes'!CG3) -> 4 | AQ3: =IF('Données brutes'!CH3="","",'Données brutes'!CH3) -> 3 | AR3: =IF('Données brutes'!CI3="","",'Données brutes'!CI3) -> 3 | AS3: =IF('Données brutes'!CJ3="","",'Données brutes'!CJ3) -> 3 | AT3: =IFERROR(AVERAGE(B3:D3),"") -> 2 | AU3: =IFERROR(AVERAGE(E3:J3),"") -> 4 | AV3: =IFERROR(AVERAGE(K3:Q3),"") -> 2.7142857 | AW3: =IFERROR(AVERAGE(R3:Y3),"") -> 3 | AX3: =IFERROR(AVERAGE(Z3:AF3),"") -> 2.8333333 | AY3: =IFERROR(AVERAGE(AG3:AJ3),"") -> 3.75 | AZ3: =IFERROR(AVERAGE(AK3:AO3),"") -> 2.75 | BA3: =IFERROR(AVERAGE(AP3:AS3),"") -> 3.25 | BB3: =IFERROR(AVERAGE(B3:AS3),"") -> 3.0714286
A4: ='Données brutes'!A4 -> 3 | B4: =IF('Données brutes'!Y4="","",'Données brutes'!Y4) | C4: =IF('Données brutes'!Z4="","",6-'Données brutes'!Z4) | D4: =IF('Données brutes'!AA4="","",'Données brutes'!AA4) | E4: =IF('Données brutes'!AB4="","",'Données brutes'!AB4) -> 3 | F4: =IF('Données brutes'!AC4="","",6-'Données brutes'!AC4) -> 5 | G4: =IF('Données brutes'!AD4="","",6-'Données brutes'!AD4) -> 4 | H4: =IF('Données brutes'!AE4="","",'Données brutes'!AE4) -> 4 | I4: =IF('Données brutes'!AF4="","",'Données brutes'!AF4) -> 5 | J4: =IF('Données brutes'!AG4="","",6-'Données brutes'!AG4) -> 2 | K4: =IF('Données brutes'!AO4="","",'Données brutes'!AO4) -> 5 | L4: =IF('Données brutes'!AP4="","",6-'Données brutes'!AP4) -> 3 | M4: =IF('Données brutes'!AQ4="","",'Données brutes'!AQ4) -> 5 | N4: =IF('Données brutes'!AR4="","",'Données brutes'!AR4) -> 4 | O4: =IF('Données brutes'!AS4="","",'Données brutes'!AS4) -> 5 | P4: =IF('Données brutes'!AT4="","",'Données brutes'!AT4) -> 3 | Q4: =IF('Données brutes'!AU4="","",'Données brutes'!AU4) -> 3 | R4: =IF('Données brutes'!BC4="","",'Données brutes'!BC4) -> 1 | S4: =IF('Données brutes'!BD4="","",'Données brutes'!BD4) -> 4 | T4: =IF('Données brutes'!BE4="","",'Données brutes'!BE4) -> 5 | U4: =IF('Données brutes'!BF4="","",'Données brutes'!BF4) -> 2 | V4: =IF('Données brutes'!BG4="","",6-'Données brutes'!BG4) -> 1 | W4: =IF('Données brutes'!BH4="","",'Données brutes'!BH4) -> 4 | X4: =IF('Données brutes'!BI4="","",'Données brutes'!BI4) -> 2 | Y4: =IF('Données brutes'!BJ4="","",'Données brutes'!BJ4) -> 1 | Z4: =IF('Données brutes'!BK4="","",6-'Données brutes'!BK4) -> 3 | AA4: =IF('Données brutes'!BL4="","",6-'Données brutes'!BL4) -> 3 | AB4: =IF('Données brutes'!BM4="","",6-'Données brutes'!BM4) -> 1 | AC4: =IF('Données brutes'!BN4="","",6-'Données brutes'!BN4) -> 4 | AD4: =IF('Données brutes'!BO4="","",6-'Données brutes'!BO4) -> 3 | AE4: =IF('Données brutes'!BP4="","",6-'Données brutes'!BP4) -> 2 | AF4: =IF('Données brutes'!BQ4="","",6-'Données brutes'!BQ4) -> 1 | AG4: =IF('Données brutes'!BR4="","",'Données brutes'!BR4) -> 3 | AH4: =IF('Données brutes'!BS4="","",'Données brutes'!BS4) -> 2 | AI4: =IF('Données brutes'!BT4="","",'Données brutes'!BT4) -> 3 | AJ4: =IF('Données brutes'!BU4="","",'Données brutes'!BU4) -> 4 | AK4: =IF('Données brutes'!BV4="","",'Données brutes'!BV4) -> 4 | AL4: =IF('Données brutes'!BW4="","",'Données brutes'!BW4) -> 5 | AM4: =IF('Données brutes'!BX4="","",'Données brutes'!BX4) -> 4 | AN4: =IF('Données brutes'!BY4="","",'Données brutes'!BY4) -> 5 | AO4: =IF('Données brutes'!BZ4="","",'Données brutes'!BZ4) -> 5 | AP4: =IF('Données brutes'!CG4="","",'Données brutes'!CG4) -> 3 | AQ4: =IF('Données brutes'!CH4="","",'Données brutes'!CH4) -> 4 | AR4: =IF('Données brutes'!CI4="","",'Données brutes'!CI4) -> 4 | AS4: =IF('Données brutes'!CJ4="","",'Données brutes'!CJ4) -> 2 | AT4: =IFERROR(AVERAGE(B4:D4),"") | AU4: =IFERROR(AVERAGE(E4:J4),"") -> 3.8333333 | AV4: =IFERROR(AVERAGE(K4:Q4),"") -> 4 | AW4: =IFERROR(AVERAGE(R4:Y4),"") -> 2.5 | AX4: =IFERROR(AVERAGE(Z4:AF4),"") -> 2.4285714 | AY4: =IFERROR(AVERAGE(AG4:AJ4),"") -> 3 | AZ4: =IFERROR(AVERAGE(AK4:AO4),"") -> 4.6 | BA4: =IFERROR(AVERAGE(AP4:AS4),"") -> 3.25 | BB4: =IFERROR(AVERAGE(B4:AS4),"") -> 3.3170732
A5: ='Données brutes'!A5 -> 4 | B5: =IF('Données brutes'!Y5="","",'Données brutes'!Y5) | C5: =IF('Données brutes'!Z5="","",6-'Données brutes'!Z5) | D5: =IF('Données brutes'!AA5="","",'Données brutes'!AA5) | E5: =IF('Données brutes'!AB5="","",'Données brutes'!AB5) -> 5 | F5: =IF('Données brutes'!AC5="","",6-'Données brutes'!AC5) -> 1 | G5: =IF('Données brutes'!AD5="","",6-'Données brutes'!AD5) -> 3 | H5: =IF('Données brutes'!AE5="","",'Données brutes'!AE5) -> 1 | I5: =IF('Données brutes'!AF5="","",'Données brutes'!AF5) -> 2 | J5: =IF('Données brutes'!AG5="","",6-'Données brutes'!AG5) -> 4 | K5: =IF('Données brutes'!AO5="","",'Données brutes'!AO5) -> 3 | L5: =IF('Données brutes'!AP5="","",6-'Données brutes'!AP5) -> 2 | M5: =IF('Données brutes'!AQ5="","",'Données brutes'!AQ5) -> 3 | N5: =IF('Données brutes'!AR5="","",'Données brutes'!AR5) -> 2 | O5: =IF('Données brutes'!AS5="","",'Données brutes'!AS5) -> 2 | P5: =IF('Données brutes'!AT5="","",'Données brutes'!AT5) -> 2 | Q5: =IF('Données brutes'!AU5="","",'Données brutes'!AU5) -> 4 | R5: =IF('Données brutes'!BC5="","",'Données brutes'!BC5) -> 5 | S5: =IF('Données brutes'!BD5="","",'Données brutes'!BD5) -> 2 | T5: =IF('Données brutes'!BE5="","",'Données brutes'!BE5) -> 2 | U5: =IF('Données brutes'!BF5="","",'Données brutes'!BF5) -> 4 | V5: =IF('Données brutes'!BG5="","",6-'Données brutes'!BG5) -> 2 | W5: =IF('Données brutes'!BH5="","",'Données brutes'!BH5) -> 3 | X5: =IF('Données brutes'!BI5="","",'Données brutes'!BI5) -> 3 | Y5: =IF('Données brutes'!BJ5="","",'Données brutes'!BJ5) | Z5: =IF('Données brutes'!BK5="","",6-'Données brutes'!BK5) -> 4 | AA5: =IF('Données brutes'!BL5="","",6-'Données brutes'!BL5) -> 2 | AB5: =IF('Données brutes'!BM5="","",6-'Données brutes'!BM5) -> 5 | AC5: =IF('Données brutes'!BN5="","",6-'Données brutes'!BN5) -> 4 | AD5: =IF('Données brutes'!BO5="","",6-'Données brutes'!BO5) -> 3 | AE5: =IF('Données brutes'!BP5="","",6-'Données brutes'!BP5) -> 5 | AF5: =IF('Données brutes'!BQ5="","",6-'Données brutes'!BQ5) -> 3 | AG5: =IF('Données brutes'!BR5="","",'Données brutes'!BR5) | AH5: =IF('Données brutes'!BS5="","",'Données brutes'!BS5) -> 2 | AI5: =IF('Données brutes'!BT5="","",'Données brutes'!BT5) -> 3 | AJ5: =IF('Données brutes'!BU5="","",'Données brutes'!BU5) -> 5 | AK5: =IF('Données brutes'!BV5="","",'Données brutes'!BV5) -> 4 | AL5: =IF('Données brutes'!BW5="","",'Données brutes'!BW5) -> 3 | AM5: =IF('Données brutes'!BX5="","",'Données brutes'!BX5) -> 5 | AN5: =IF('Données brutes'!BY5="","",'Données brutes'!BY5) -> 5 | AO5: =IF('Données brutes'!BZ5="","",'Données brutes'!BZ5) -> 4 | AP5: =IF('Données brutes'!CG5="","",'Données brutes'!CG5) -> 2 | AQ5: =IF('Données brutes'!CH5="","",'Données brutes'!CH5) -> 5 | AR5: =IF('Données brutes'!CI5="","",'Données brutes'!CI5) -> 3 | AS5: =IF('Données brutes'!CJ5="","",'Données brutes'!CJ5) -> 2 | AT5: =IFERROR(AVERAGE(B5:D5),"") | AU5: =IFERROR(AVERAGE(E5:J5),"") -> 2.6666667 | AV5: =IFERROR(AVERAGE(K5:Q5),"") -> 2.5714286 | AW5: =IFERROR(AVERAGE(R5:Y5),"") -> 3 | AX5: =IFERROR(AVERAGE(Z5:AF5),"") -> 3.7142857 | AY5: =IFERROR(AVERAGE(AG5:AJ5),"") -> 3.3333333 | AZ5: =IFERROR(AVERAGE(AK5:AO5),"") -> 4.2 | BA5: =IFERROR(AVERAGE(AP5:AS5),"") -> 3 | BB5: =IFERROR(AVERAGE(B5:AS5),"") -> 3.1794872
A6: ='Données brutes'!A6 -> 5 | B6: =IF('Données brutes'!Y6="","",'Données brutes'!Y6) -> 3 | C6: =IF('Données brutes'!Z6="","",6-'Données brutes'!Z6) -> 4 | D6: =IF('Données brutes'!AA6="","",'Données brutes'!AA6) -> 4 | E6: =IF('Données brutes'!AB6="","",'Données brutes'!AB6) -> 5 | F6: =IF('Données brutes'!AC6="","",6-'Données brutes'!AC6) -> 2 | G6: =IF('Données brutes'!AD6="","",6-'Données brutes'!AD6) | H6: =IF('Données brutes'!AE6="","",'Données brutes'!AE6) -> 5 | I6: =IF('Données brutes'!AF6="","",'Données brutes'!AF6) -> 3 | J6: =IF('Données brutes'!AG6="","",6-'Données brutes'!AG6) | K6: =IF('Données brutes'!AO6="","",'Données brutes'!AO6) -> 3 | L6: =IF('Données brutes'!AP6="","",6-'Données brutes'!AP6) -> 1 | M6: =IF('Données brutes'!AQ6="","",'Données brutes'!AQ6) | N6: =IF('Données brutes'!AR6="","",'Données brutes'!AR6) -> 4 | O6: =IF('Données brutes'!AS6="","",'Données brutes'!AS6) -> 3 | P6: =IF('Données brutes'!AT6="","",'Données brutes'!AT6) -> 5 | Q6: =IF('Données brutes'!AU6="","",'Données brutes'!AU6) -> 3 | R6: =IF('Données brutes'!BC6="","",'Données brutes'!BC6) -> 3 | S6: =IF('Données brutes'!BD6="","",'Données brutes'!BD6) -> 2 | T6: =IF('Données brutes'!BE6="","",'Données brutes'!BE6) | U6: =IF('Données brutes'!BF6="","",'Données brutes'!BF6) -> 5 | V6: =IF('Données brutes'!BG6="","",6-'Données brutes'!BG6) -> 4 | W6: =IF('Données brutes'!BH6="","",'Données brutes'!BH6) -> 4 | X6: =IF('Données brutes'!BI6="","",'Données brutes'!BI6) -> 5 | Y6: =IF('Données brutes'!BJ6="","",'Données brutes'!BJ6) | Z6: =IF('Données brutes'!BK6="","",6-'Données brutes'!BK6) -> 2 | AA6: =IF('Données brutes'!BL6="","",6-'Données brutes'!BL6) -> 4 | AB6: =IF('Données brutes'!BM6="","",6-'Données brutes'!BM6) -> 4 | AC6: =IF('Données brutes'!BN6="","",6-'Données brutes'!BN6) -> 3 | AD6: =IF('Données brutes'!BO6="","",6-'Données brutes'!BO6) -> 1 | AE6: =IF('Données brutes'!BP6="","",6-'Données brutes'!BP6) -> 2 | AF6: =IF('Données brutes'!BQ6="","",6-'Données brutes'!BQ6) -> 1 | AG6: =IF('Données brutes'!BR6="","",'Données brutes'!BR6) -> 3 | AH6: =IF('Données brutes'!BS6="","",'Données brutes'!BS6) -> 2 | AI6: =IF('Données brutes'!BT6="","",'Données brutes'!BT6) -> 2 | AJ6: =IF('Données brutes'!BU6="","",'Données brutes'!BU6) -> 2 | AK6: =IF('Données brutes'!BV6="","",'Données brutes'!BV6) -> 2 | AL6: =IF('Données brutes'!BW6="","",'Données brutes'!BW6) -> 3 | AM6: =IF('Données brutes'!BX6="","",'Données brutes'!BX6) -> 5 | AN6: =IF('Données brutes'!BY6="","",'Données brutes'!BY6) -> 1 | AO6: =IF('Données brutes'!BZ6="","",'Données brutes'!BZ6) -> 5 | AP6: =IF('Données brutes'!CG6="","",'Données brutes'!CG6) -> 3 | AQ6: =IF('Données brutes'!CH6="","",'Données brutes'!CH6) -> 4 | AR6: =IF('Données brutes'!CI6="","",'Données brutes'!CI6) -> 3 | AS6: =IF('Données brutes'!CJ6="","",'Données brutes'!CJ6) -> 3 | AT6: =IFERROR(AVERAGE(B6:D6),"") -> 3.6666667 | AU6: =IFERROR(AVERAGE(E6:J6),"") -> 3.75 | AV6: =IFERROR(AVERAGE(K6:Q6),"") -> 3.1666667 | AW6: =IFERROR(AVERAGE(R6:Y6),"") -> 3.8333333 | AX6: =IFERROR(AVERAGE(Z6:AF6),"") -> 2.4285714 | AY6: =IFERROR(AVERAGE(AG6:AJ6),"") -> 2.25 | AZ6: =IFERROR(AVERAGE(AK6:AO6),"") -> 3.2 | BA6: =IFERROR(AVERAGE(AP6:AS6),"") -> 3.25 | BB6: =IFERROR(AVERAGE(B6:AS6),"") -> 3.1538462
A7: ='Données brutes'!A7 -> 6 | B7: =IF('Données brutes'!Y7="","",'Données brutes'!Y7) -> 1 | C7: =IF('Données brutes'!Z7="","",6-'Données brutes'!Z7) -> 1 | D7: =IF('Données brutes'!AA7="","",'Données brutes'!AA7) -> 3 | E7: =IF('Données brutes'!AB7="","",'Données brutes'!AB7) -> 4 | F7: =IF('Données brutes'!AC7="","",6-'Données brutes'!AC7) -> 4 | G7: =IF('Données brutes'!AD7="","",6-'Données brutes'!AD7) -> 5 | H7: =IF('Données brutes'!AE7="","",'Données brutes'!AE7) -> 3 | I7: =IF('Données brutes'!AF7="","",'Données brutes'!AF7) | J7: =IF('Données brutes'!AG7="","",6-'Données brutes'!AG7) -> 3 | K7: =IF('Données brutes'!AO7="","",'Données brutes'!AO7) -> 4 | L7: =IF('Données brutes'!AP7="","",6-'Données brutes'!AP7) -> 5 | M7: =IF('Données brutes'!AQ7="","",'Données brutes'!AQ7) -> 3 | N7: =IF('Données brutes'!AR7="","",'Données brutes'!AR7) -> 4 | O7: =IF('Données brutes'!AS7="","",'Données brutes'!AS7) -> 4 | P7: =IF('Données brutes'!AT7="","",'Données brutes'!AT7) -> 3 | Q7: =IF('Données brutes'!AU7="","",'Données brutes'!AU7) -> 2 | R7: =IF('Données brutes'!BC7="","",'Données brutes'!BC7) -> 2 | S7: =IF('Données brutes'!BD7="","",'Données brutes'!BD7) -> 5 | T7: =IF('Données brutes'!BE7="","",'Données brutes'!BE7) -> 3 | U7: =IF('Données brutes'!BF7="","",'Données brutes'!BF7) -> 5 | V7: =IF('Données brutes'!BG7="","",6-'Données brutes'!BG7) -> 1 | W7: =IF('Données brutes'!BH7="","",'Données brutes'!BH7) -> 5 | X7: =IF('Données brutes'!BI7="","",'Données brutes'!BI7) -> 4 | Y7: =IF('Données brutes'!BJ7="","",'Données brutes'!BJ7) -> 3 | Z7: =IF('Données brutes'!BK7="","",6-'Données brutes'!BK7) -> 1 | AA7: =IF('Données brutes'!BL7="","",6-'Données brutes'!BL7) -> 2 | AB7: =IF('Données brutes'!BM7="","",6-'Données brutes'!BM7) -> 3 | AC7: =IF('Données brutes'!BN7="","",6-'Données brutes'!BN7) -> 4 | AD7: =IF('Données brutes'!BO7="","",6-'Données brutes'!BO7) | AE7: =IF('Données brutes'!BP7="","",6-'Données brutes'!BP7) -> 4 | AF7: =IF('Données brutes'!BQ7="","",6-'Données brutes'!BQ7) -> 5 | AG7: =IF('Données brutes'!BR7="","",'Données brutes'!BR7) -> 5 | AH7: =IF('Données brutes'!BS7="","",'Données brutes'!BS7) -> 5 | AI7: =IF('Données brutes'!BT7="","",'Données brutes'!BT7) -> 2 | AJ7: =IF('Données brutes'!BU7="","",'Données brutes'!BU7) -> 5 | AK7: =IF('Données brutes'!BV7="","",'Données brutes'!BV7) -> 2 | AL7: =IF('Données brutes'!BW7="","",'Données brutes'!BW7) -> 1 | AM7: =IF('Données brutes'!BX7="","",'Données brutes'!BX7) -> 2 | AN7: =IF('Données brutes'!BY7="","",'Données brutes'!BY7) -> 3 | AO7: =IF('Données brutes'!BZ7="","",'Données brutes'!BZ7) -> 3 | AP7: =IF('Données brutes'!CG7="","",'Données brutes'!CG7) -> 4 | AQ7: =IF('Données brutes'!CH7="","",'Données brutes'!CH7) -> 4 | AR7: =IF('Données brutes'!CI7="","",'Données brutes'!CI7) -> 4 | AS7: =IF('Données brutes'!CJ7="","",'Données brutes'!CJ7) -> 5 | AT7: =IFERROR(AVERAGE(B7:D7),"") -> 1.6666667 | AU7: =IFERROR(AVERAGE(E7:J7),"") -> 3.8 | AV7: =IFERROR(AVERAGE(K7:Q7),"") -> 3.5714286 | AW7: =IFERROR(AVERAGE(R7:Y7),"") -> 3.5 | AX7: =IFERROR(AVERAGE(Z7:AF7),"") -> 3.1666667 | AY7: =IFERROR(AVERAGE(AG7:AJ7),"") -> 4.25 | AZ7: =IFERROR(AVERAGE(AK7:AO7),"") -> 2.2 | BA7: =IFERROR(AVERAGE(AP7:AS7),"") -> 4.25 | BB7: =IFERROR(AVERAGE(B7:AS7),"") -> 3.3571429
A8: ='Données brutes'!A8 -> 7 | B8: =IF('Données brutes'!Y8="","",'Données brutes'!Y8) | C8: =IF('Données brutes'!Z8="","",6-'Données brutes'!Z8) | D8: =IF('Données brutes'!AA8="","",'Données brutes'!AA8) | E8: =IF('Données brutes'!AB8="","",'Données brutes'!AB8) -> 4 | F8: =IF('Données brutes'!AC8="","",6-'Données brutes'!AC8) -> 2 | G8: =IF('Données brutes'!AD8="","",6-'Données brutes'!AD8) -> 1 | H8: =IF('Données brutes'!AE8="","",'Données brutes'!AE8) -> 1 | I8: =IF('Données brutes'!AF8="","",'Données brutes'!AF8) -> 4 | J8: =IF('Données brutes'!AG8="","",6-'Données brutes'!AG8) -> 3 | K8: =IF('Données brutes'!AO8="","",'Données brutes'!AO8) | L8: =IF('Données brutes'!AP8="","",6-'Données brutes'!AP8) -> 1 | M8: =IF('Données brutes'!AQ8="","",'Données brutes'!AQ8) -> 4 | N8: =IF('Données brutes'!AR8="","",'Données brutes'!AR8) -> 3 | O8: =IF('Données brutes'!AS8="","",'Données brutes'!AS8) -> 5 | P8: =IF('Données brutes'!AT8="","",'Données brutes'!AT8) -> 2 | Q8: =IF('Données brutes'!AU8="","",'Données brutes'!AU8) | R8: =IF('Données brutes'!BC8="","",'Données brutes'!BC8) -> 3 | S8: =IF('Données brutes'!BD8="","",'Données brutes'!BD8) -> 3 | T8: =IF('Données brutes'!BE8="","",'Données brutes'!BE8) -> 4 | U8: =IF('Données brutes'!BF8="","",'Données brutes'!BF8) -> 5 | V8: =IF('Données brutes'!BG8="","",6-'Données brutes'!BG8) -> 2 | W8: =IF('Données brutes'!BH8="","",'Données brutes'!BH8) -> 2 | X8: =IF('Données brutes'!BI8="","",'Données brutes'!BI8) -> 4 | Y8: =IF('Données brutes'!BJ8="","",'Données brutes'!BJ8) -> 3 | Z8: =IF('Données brutes'!BK8="","",6-'Données brutes'!BK8) -> 2 | AA8: =IF('Données brutes'!BL8="","",6-'Données brutes'!BL8) -> 1 | AB8: =IF('Données brutes'!BM8="","",6-'Données brutes'!BM8) -> 2 | AC8: =IF('Données brutes'!BN8="","",6-'Données brutes'!BN8) -> 3 | AD8: =IF('Données brutes'!BO8="","",6-'Données brutes'!BO8) -> 5 | AE8: =IF('Données brutes'!BP8="","",6-'Données brutes'!BP8) -> 2 | AF8: =IF('Données brutes'!BQ8="","",6-'Données brutes'!BQ8) -> 3 | AG8: =IF('Données brutes'!BR8="","",'Données brutes'!BR8) -> 2 | AH8: =IF('Données brutes'!BS8="","",'Données brutes'!BS8) -> 4 | AI8: =IF('Données brutes'!BT8="","",'Données brutes'!BT8) -> 3 | AJ8: =IF('Données brutes'!BU8="","",'Données brutes'!BU8) -> 5 | AK8: =IF('Données brutes'!BV8="","",'Données brutes'!BV8) -> 4 | AL8: =IF('Données brutes'!BW8="","",'Données brutes'!BW8) -> 3 | AM8: =IF('Données brutes'!BX8="","",'Données brutes'!BX8) -> 2 | AN8: =IF('Données brutes'!BY8="","",'Données brutes'!BY8) -> 4 | AO8: =IF('Données brutes'!BZ8="","",'Données brutes'!BZ8) -> 1 | AP8: =IF('Données brutes'!CG8="","",'Données brutes'!CG8) -> 4 | AQ8: =IF('Données brutes'!CH8="","",'Données brutes'!CH8) -> 3 | AR8: =IF('Données brutes'!CI8="","",'Données brutes'!CI8) -> 2 | AS8: =IF('Données brutes'!CJ8="","",'Données brutes'!CJ8) -> 3 | AT8: =IFERROR(AVERAGE(B8:D8),"") | AU8: =IFERROR(AVERAGE(E8:J8),"") -> 2.5 | AV8: =IFERROR(AVERAGE(K8:Q8),"") -> 3 | AW8: =IFERROR(AVERAGE(R8:Y8),"") -> 3.25 | AX8: =IFERROR(AVERAGE(Z8:AF8),"") -> 2.5714286 | AY8: =IFERROR(AVERAGE(AG8:AJ8),"") -> 3.5 | AZ8: =IFERROR(AVERAGE(AK8:AO8),"") -> 2.8 | BA8: =IFERROR(AVERAGE(AP8:AS8),"") -> 3 | BB8: =IFERROR(AVERAGE(B8:AS8),"") -> 2.9230769
A9: ='Données brutes'!A9 -> 8 | B9: =IF('Données brutes'!Y9="","",'Données brutes'!Y9) | C9: =IF('Données brutes'!Z9="","",6-'Données brutes'!Z9) | D9: =IF('Données brutes'!AA9="","",'Données brutes'!AA9) | E9: =IF('Données brutes'!AB9="","",'Données brutes'!AB9) -> 3 | F9: =IF('Données brutes'!AC9="","",6-'Données brutes'!AC9) | G9: =IF('Données brutes'!AD9="","",6-'Données brutes'!AD9) -> 3 | H9: =IF('Données brutes'!AE9="","",'Données brutes'!AE9) -> 2 | I9: =IF('Données brutes'!AF9="","",'Données brutes'!AF9) -> 2 | J9: =IF('Données brutes'!AG9="","",6-'Données brutes'!AG9) -> 2 | K9: =IF('Données brutes'!AO9="","",'Données brutes'!AO9) -> 2 | L9: =IF('Données brutes'!AP9="","",6-'Données brutes'!AP9) -> 2 | M9: =IF('Données brutes'!AQ9="","",'Données brutes'!AQ9) -> 5 | N9: =IF('Données brutes'!AR9="","",'Données brutes'!AR9) -> 2 | O9: =IF('Données brutes'!AS9="","",'Données brutes'!AS9) -> 2 | P9: =IF('Données brutes'!AT9="","",'Données brutes'!AT9) -> 5 | Q9: =IF('Données brutes'!AU9="","",'Données brutes'!AU9) -> 3 | R9: =IF('Données brutes'!BC9="","",'Données brutes'!BC9) -> 2 | S9: =IF('Données brutes'!BD9="","",'Données brutes'!BD9) -> 5 | T9: =IF('Données brutes'!BE9="","",'Données brutes'!BE9) -> 5 | U9: =IF('Données brutes'!BF9="","",'Données brutes'!BF9) -> 2 | V9: =IF('Données brutes'!BG9="","",6-'Données brutes'!BG9) -> 1 | W9: =IF('Données brutes'!BH9="","",'Données brutes'!BH9) -> 2 | X9: =IF('Données brutes'!BI9="","",'Données brutes'!BI9) -> 3 | Y9: =IF('Données brutes'!BJ9="","",'Données brutes'!BJ9) -> 1 | Z9: =IF('Données brutes'!BK9="","",6-'Données brutes'!BK9) -> 3 | AA9: =IF('Données brutes'!BL9="","",6-'Données brutes'!BL9) -> 4 | AB9: =IF('Données brutes'!BM9="","",6-'Données brutes'!BM9) -> 4 | AC9: =IF('Données brutes'!BN9="","",6-'Données brutes'!BN9) -> 1 | AD9: =IF('Données brutes'!BO9="","",6-'Données brutes'!BO9) -> 2 | AE9: =IF('Données brutes'!BP9="","",6-'Données brutes'!BP9) -> 5 | AF9: =IF('Données brutes'!BQ9="","",6-'Données brutes'!BQ9) -> 3 | AG9: =IF('Données brutes'!BR9="","",'Données brutes'!BR9) -> 4 | AH9: =IF('Données brutes'!BS9="","",'Données brutes'!BS9) -> 4 | AI9: =IF('Données brutes'!BT9="","",'Données brutes'!BT9) -> 5 | AJ9: =IF('Données brutes'!BU9="","",'Données brutes'!BU9) -> 4 | AK9: =IF('Données brutes'!BV9="","",'Données brutes'!BV9) -> 3 | AL9: =IF('Données brutes'!BW9="","",'Données brutes'!BW9) -> 3 | AM9: =IF('Données brutes'!BX9="","",'Données brutes'!BX9) -> 5 | AN9: =IF('Données brutes'!BY9="","",'Données brutes'!BY9) -> 2 | AO9: =IF('Données brutes'!BZ9="","",'Données brutes'!BZ9) -> 3 | AP9: =IF('Données brutes'!CG9="","",'Données brutes'!CG9) -> 2 | AQ9: =IF('Données brutes'!CH9="","",'Données brutes'!CH9) -> 1 | AR9: =IF('Données brutes'!CI9="","",'Données brutes'!CI9) -> 4 | AS9: =IF('Données brutes'!CJ9="","",'Données brutes'!CJ9) -> 5 | AT9: =IFERROR(AVERAGE(B9:D9),"") | AU9: =IFERROR(AVERAGE(E9:J9),"") -> 2.4 | AV9: =IFERROR(AVERAGE(K9:Q9),"") -> 3 | AW9: =IFERROR(AVERAGE(R9:Y9),"") -> 2.625 | AX9: =IFERROR(AVERAGE(Z9:AF9),"") -> 3.1428571 | AY9: =IFERROR(AVERAGE(AG9:AJ9),"") -> 4.25 | AZ9: =IFERROR(AVERAGE(AK9:AO9),"") -> 3.2 | BA9: =IFERROR(AVERAGE(AP9:AS9),"") -> 3 | BB9: =IFERROR(AVERAGE(B9:AS9),"") -> 3.025
A10: ='Données brutes'!A10 -> 9 | B10: =IF('Données brutes'!Y10="","",'Données brutes'!Y10) -> 2 | C10: =IF('Données brutes'!Z10="","",6-'Données brutes'!Z10) -> 4 | D10: =IF('Données brutes'!AA10="","",'Données brutes'!AA10) -> 4 | E10: =IF('Données brutes'!AB10="","",'Données brutes'!AB10) -> 3 | F10: =IF('Données brutes'!AC10="","",6-'Données brutes'!AC10) -> 2 | G10: =IF('Données brutes'!AD10="","",6-'Données brutes'!AD10) -> 3 | H10: =IF('Données brutes'!AE10="","",'Données brutes'!AE10) -> 4 | I10: =IF('Données brutes'!AF10="","",'Données brutes'!AF10) -> 1 | J10: =IF('Données brutes'!AG10="","",6-'Données brutes'!AG10) -> 2 | K10: =IF('Données brutes'!AO10="","",'Données brutes'!AO10) -> 4 | L10: =IF('Données brutes'!AP10="","",6-'Données brutes'!AP10) -> 4 | M10: =IF('Données brutes'!AQ10="","",'Données brutes'!AQ10) -> 5 | N10: =IF('Données brutes'!AR10="","",'Données brutes'!AR10) -> 4 | O10: =IF('Données brutes'!AS10="","",'Données brutes'!AS10) -> 4 | P10: =IF('Données brutes'!AT10="","",'Données brutes'!AT10) -> 3 | Q10: =IF('Données brutes'!AU10="","",'Données brutes'!AU10) -> 1 | R10: =IF('Données brutes'!BC10="","",'Données brutes'!BC10) -> 1 | S10: =IF('Données brutes'!BD10="","",'Données brutes'!BD10) -> 4 | T10: =IF('Données brutes'!BE10="","",'Données brutes'!BE10) -> 3 | U10: =IF('Données brutes'!BF10="","",'Données brutes'!BF10) -> 4 | V10: =IF('Données brutes'!BG10="","",6-'Données brutes'!BG10) -> 3 | W10: =IF('Données brutes'!BH10="","",'Données brutes'!BH10) -> 5 | X10: =IF('Données brutes'!BI10="","",'Données brutes'!BI10) -> 3 | Y10: =IF('Données brutes'!BJ10="","",'Données brutes'!BJ10) -> 5 | Z10: =IF('Données brutes'!BK10="","",6-'Données brutes'!BK10) -> 4 | AA10: =IF('Données brutes'!BL10="","",6-'Données brutes'!BL10) -> 4 | AB10: =IF('Données brutes'!BM10="","",6-'Données brutes'!BM10) -> 2 | AC10: =IF('Données brutes'!BN10="","",6-'Données brutes'!BN10) -> 2 | AD10: =IF('Données brutes'!BO10="","",6-'Données brutes'!BO10) -> 2 | AE10: =IF('Données brutes'!BP10="","",6-'Données brutes'!BP10) -> 1 | AF10: =IF('Données brutes'!BQ10="","",6-'Données brutes'!BQ10) -> 3 | AG10: =IF('Données brutes'!BR10="","",'Données brutes'!BR10) -> 1 | AH10: =IF('Données brutes'!BS10="","",'Données brutes'!BS10) -> 4 | AI10: =IF('Données brutes'!BT10="","",'Données brutes'!BT10) -> 3 | AJ10: =IF('Données brutes'!BU10="","",'Données brutes'!BU10) -> 4 | AK10: =IF('Données brutes'!BV10="","",'Données brutes'!BV10) -> 3 | AL10: =IF('Données brutes'!BW10="","",'Données brutes'!BW10) -> 3 | AM10: =IF('Données brutes'!BX10="","",'Données brutes'!BX10) -> 5 | AN10: =IF('Données brutes'!BY10="","",'Données brutes'!BY10) -> 4 | AO10: =IF('Données brutes'!BZ10="","",'Données brutes'!BZ10) -> 2 | AP10: =IF('Données brutes'!CG10="","",'Données brutes'!CG10) -> 3 | AQ10: =IF('Données brutes'!CH10="","",'Données brutes'!CH10) -> 5 | AR10: =IF('Données brutes'!CI10="","",'Données brutes'!CI10) -> 3 | AS10: =IF('Données brutes'!CJ10="","",'Données brutes'!CJ10) -> 5 | AT10: =IFERROR(AVERAGE(B10:D10),"") -> 3.3333333 | AU10: =IFERROR(AVERAGE(E10:J10),"") -> 2.5 | AV10: =IFERROR(AVERAGE(K10:Q10),"") -> 3.5714286 | AW10: =IFERROR(AVERAGE(R10:Y10),"") -> 3.5 | AX10: =IFERROR(AVERAGE(Z10:AF10),"") -> 2.5714286 | AY10: =IFERROR(AVERAGE(AG10:AJ10),"") -> 3 | AZ10: =IFERROR(AVERAGE(AK10:AO10),"") -> 3.4 | BA10: =IFERROR(AVERAGE(AP10:AS10),"") -> 4 | BB10: =IFERROR(AVERAGE(B10:AS10),"") -> 3.2045455
A11: ='Données brutes'!A11 -> 10 | B11: =IF('Données brutes'!Y11="","",'Données brutes'!Y11) -> 2 | C11: =IF('Données brutes'!Z11="","",6-'Données brutes'!Z11) -> 4 | D11: =IF('Données brutes'!AA11="","",'Données brutes'!AA11) -> 3 | E11: =IF('Données brutes'!AB11="","",'Données brutes'!AB11) -> 1 | F11: =IF('Données brutes'!AC11="","",6-'Données brutes'!AC11) -> 2 | G11: =IF('Données brutes'!AD11="","",6-'Données brutes'!AD11) -> 1 | H11: =IF('Données brutes'!AE11="","",'Données brutes'!AE11) -> 4 | I11: =IF('Données brutes'!AF11="","",'Données brutes'!AF11) -> 2 | J11: =IF('Données brutes'!AG11="","",6-'Données brutes'!AG11) -> 3 | K11: =IF('Données brutes'!AO11="","",'Données brutes'!AO11) -> 4 | L11: =IF('Données brutes'!AP11="","",6-'Données brutes'!AP11) -> 3 | M11: =IF('Données brutes'!AQ11="","",'Données brutes'!AQ11) -> 3 | N11: =IF('Données brutes'!AR11="","",'Données brutes'!AR11) -> 2 | O11: =IF('Données brutes'!AS11="","",'Données brutes'!AS11) -> 2 | P11: =IF('Données brutes'!AT11="","",'Données brutes'!AT11) -> 4 | Q11: =IF('Données brutes'!AU11="","",'Données brutes'!AU11) -> 4 | R11: =IF('Données brutes'!BC11="","",'Données brutes'!BC11) -> 3 | S11: =IF('Données brutes'!BD11="","",'Données brutes'!BD11) -> 2 | T11: =IF('Données brutes'!BE11="","",'Données brutes'!BE11) -> 1 | U11: =IF('Données brutes'!BF11="","",'Données brutes'!BF11) -> 1 | V11: =IF('Données brutes'!BG11="","",6-'Données brutes'!BG11) -> 3 | W11: =IF('Données brutes'!BH11="","",'Données brutes'!BH11) -> 3 | X11: =IF('Données brutes'!BI11="","",'Données brutes'!BI11) -> 3 | Y11: =IF('Données brutes'!BJ11="","",'Données brutes'!BJ11) -> 5 | Z11: =IF('Données brutes'!BK11="","",6-'Données brutes'!BK11) -> 3 | AA11: =IF('Données brutes'!BL11="","",6-'Données brutes'!BL11) -> 1 | AB11: =IF('Données brutes'!BM11="","",6-'Données brutes'!BM11) -> 4 | AC11: =IF('Données brutes'!BN11="","",6-'Données brutes'!BN11) -> 4 | AD11: =IF('Données brutes'!BO11="","",6-'Données brutes'!BO11) -> 1 | AE11: =IF('Données brutes'!BP11="","",6-'Données brutes'!BP11) -> 2 | AF11: =IF('Données brutes'!BQ11="","",6-'Données brutes'!BQ11) -> 2 | AG11: =IF('Données brutes'!BR11="","",'Données brutes'!BR11) -> 3 | AH11: =IF('Données brutes'!BS11="","",'Données brutes'!BS11) -> 4 | AI11: =IF('Données brutes'!BT11="","",'Données brutes'!BT11) -> 4 | AJ11: =IF('Données brutes'!BU11="","",'Données brutes'!BU11) -> 3 | AK11: =IF('Données brutes'!BV11="","",'Données brutes'!BV11) -> 4 | AL11: =IF('Données brutes'!BW11="","",'Données brutes'!BW11) -> 5 | AM11: =IF('Données brutes'!BX11="","",'Données brutes'!BX11) -> 4 | AN11: =IF('Données brutes'!BY11="","",'Données brutes'!BY11) -> 1 | AO11: =IF('Données brutes'!BZ11="","",'Données brutes'!BZ11) -> 3 | AP11: =IF('Données brutes'!CG11="","",'Données brutes'!CG11) -> 1 | AQ11: =IF('Données brutes'!CH11="","",'Données brutes'!CH11) -> 1 | AR11: =IF('Données brutes'!CI11="","",'Données brutes'!CI11) -> 5 | AS11: =IF('Données brutes'!CJ11="","",'Données brutes'!CJ11) -> 2 | AT11: =IFERROR(AVERAGE(B11:D11),"") -> 3 | AU11: =IFERROR(AVERAGE(E11:J11),"") -> 2.1666667 | AV11: =IFERROR(AVERAGE(K11:Q11),"") -> 3.1428571 | AW11: =IFERROR(AVERAGE(R11:Y11),"") -> 2.625 | AX11: =IFERROR(AVERAGE(Z11:AF11),"") -> 2.4285714 | AY11: =IFERROR(AVERAGE(AG11:AJ11),"") -> 3.5 | AZ11: =IFERROR(AVERAGE(AK11:AO11),"") -> 3.4 | BA11: =IFERROR(AVERAGE(AP11:AS11),"") -> 2.25 | BB11: =IFERROR(AVERAGE(B11:AS11),"") -> 2.7727273
A12: ='Données brutes'!A12 -> 11 | B12: =IF('Données brutes'!Y12="","",'Données brutes'!Y12) | C12: =IF('Données brutes'!Z12="","",6-'Données brutes'!Z12) | D12: =IF('Données brutes'!AA12="","",'Données brutes'!AA12) | E12: =IF('Données brutes'!AB12="","",'Données brutes'!AB12) -> 3 | F12: =IF('Données brutes'!AC12="","",6-'Données brutes'!AC12) -> 2 | G12: =IF('Données brutes'!AD12="","",6-'Données brutes'!AD12) -> 3 | H12: =IF('Données brutes'!AE12="","",'Données brutes'!AE12) -> 1 | I12: =IF('Données brutes'!AF12="","",'Données brutes'!AF12) -> 3 | J12: =IF('Données brutes'!AG12="","",6-'Données brutes'!AG12) -> 4 | K12: =IF('Données brutes'!AO12="","",'Données brutes'!AO12) -> 4 | L12: =IF('Données brutes'!AP12="","",6-'Données brutes'!AP12) -> 3 | M12: =IF('Données brutes'!AQ12="","",'Données brutes'!AQ12) -> 2 | N12: =IF('Données brutes'!AR12="","",'Données brutes'!AR12) -> 3 | O12: =IF('Données brutes'!AS12="","",'Données brutes'!AS12) | P12: =IF('Données brutes'!AT12="","",'Données brutes'!AT12) -> 3 | Q12: =IF('Données brutes'!AU12="","",'Données brutes'!AU12) -> 3 | R12: =IF('Données brutes'!BC12="","",'Données brutes'!BC12) -> 1 | S12: =IF('Données brutes'!BD12="","",'Données brutes'!BD12) -> 3 | T12: =IF('Données brutes'!BE12="","",'Données brutes'!BE12) -> 5 | U12: =IF('Données brutes'!BF12="","",'Données brutes'!BF12) -> 3 | V12: =IF('Données brutes'!BG12="","",6-'Données brutes'!BG12) -> 1 | W12: =IF('Données brutes'!BH12="","",'Données brutes'!BH12) -> 4 | X12: =IF('Données brutes'!BI12="","",'Données brutes'!BI12) -> 4 | Y12: =IF('Données brutes'!BJ12="","",'Données brutes'!BJ12) -> 3 | Z12: =IF('Données brutes'!BK12="","",6-'Données brutes'!BK12) -> 4 | AA12: =IF('Données brutes'!BL12="","",6-'Données brutes'!BL12) -> 2 | AB12: =IF('Données brutes'!BM12="","",6-'Données brutes'!BM12) -> 2 | AC12: =IF('Données brutes'!BN12="","",6-'Données brutes'!BN12) -> 5 | AD12: =IF('Données brutes'!BO12="","",6-'Données brutes'!BO12) -> 4 | AE12: =IF('Données brutes'!BP12="","",6-'Données brutes'!BP12) -> 2 | AF12: =IF('Données brutes'!BQ12="","",6-'Données brutes'!BQ12) -> 3 | AG12: =IF('Données brutes'!BR12="","",'Données brutes'!BR12) -> 3 | AH12: =IF('Données brutes'!BS12="","",'Données brutes'!BS12) -> 2 | AI12: =IF('Données brutes'!BT12="","",'Données brutes'!BT12) -> 1 | AJ12: =IF('Données brutes'!BU12="","",'Données brutes'!BU12) -> 4 | AK12: =IF('Données brutes'!BV12="","",'Données brutes'!BV12) -> 5 | AL12: =IF('Données brutes'!BW12="","",'Données brutes'!BW12) -> 5 | AM12: =IF('Données brutes'!BX12="","",'Données brutes'!BX12) -> 2 | AN12: =IF('Données brutes'!BY12="","",'Données brutes'!BY12) -> 2 | AO12: =IF('Données brutes'!BZ12="","",'Données brutes'!BZ12) -> 5 | AP12: =IF('Données brutes'!CG12="","",'Données brutes'!CG12) -> 5 | AQ12: =IF('Données brutes'!CH12="","",'Données brutes'!CH12) -> 4 | AR12: =IF('Données brutes'!CI12="","",'Données brutes'!CI12) -> 5 | AS12: =IF('Données brutes'!CJ12="","",'Données brutes'!CJ12) -> 3 | AT12: =IFERROR(AVERAGE(B12:D12),"") | AU12: =IFERROR(AVERAGE(E12:J12),"") -> 2.6666667 | AV12: =IFERROR(AVERAGE(K12:Q12),"") -> 3 | AW12: =IFERROR(AVERAGE(R12:Y12),"") -> 3 | AX12: =IFERROR(AVERAGE(Z12:AF12),"") -> 3.1428571 | AY12: =IFERROR(AVERAGE(AG12:AJ12),"") -> 2.5 | AZ12: =IFERROR(AVERAGE(AK12:AO12),"") -> 3.8 | BA12: =IFERROR(AVERAGE(AP12:AS12),"") -> 4.25 | BB12: =IFERROR(AVERAGE(B12:AS12),"") -> 3.15
A13: ='Données brutes'!A13 -> 12 | B13: =IF('Données brutes'!Y13="","",'Données brutes'!Y13) | C13: =IF('Données brutes'!Z13="","",6-'Données brutes'!Z13) | D13: =IF('Données brutes'!AA13="","",'Données brutes'!AA13) | E13: =IF('Données brutes'!AB13="","",'Données brutes'!AB13) -> 5 | F13: =IF('Données brutes'!AC13="","",6-'Données brutes'!AC13) -> 3 | G13: =IF('Données brutes'!AD13="","",6-'Données brutes'!AD13) -> 2 | H13: =IF('Données brutes'!AE13="","",'Données brutes'!AE13) -> 5 | I13: =IF('Données brutes'!AF13="","",'Données brutes'!AF13) -> 3 | J13: =IF('Données brutes'!AG13="","",6-'Données brutes'!AG13) -> 4 | K13: =IF('Données brutes'!AO13="","",'Données brutes'!AO13) -> 3 | L13: =IF('Données brutes'!AP13="","",6-'Données brutes'!AP13) -> 2 | M13: =IF('Données brutes'!AQ13="","",'Données brutes'!AQ13) -> 3 | N13: =IF('Données brutes'!AR13="","",'Données brutes'!AR13) -> 3 | O13: =IF('Données brutes'!AS13="","",'Données brutes'!AS13) -> 3 | P13: =IF('Données brutes'!AT13="","",'Données brutes'!AT13) -> 4 | Q13: =IF('Données brutes'!AU13="","",'Données brutes'!AU13) -> 5 | R13: =IF('Données brutes'!BC13="","",'Données brutes'!BC13) -> 3 | S13: =IF('Données brutes'!BD13="","",'Données brutes'!BD13) -> 3 | T13: =IF('Données brutes'!BE13="","",'Données brutes'!BE13) -> 2 | U13: =IF('Données brutes'!BF13="","",'Données brutes'!BF13) -> 5 | V13: =IF('Données brutes'!BG13="","",6-'Données brutes'!BG13) -> 2 | W13: =IF('Données brutes'!BH13="","",'Données brutes'!BH13) -> 2 | X13: =IF('Données brutes'!BI13="","",'Données brutes'!BI13) | Y13: =IF('Données brutes'!BJ13="","",'Données brutes'!BJ13) -> 3 | Z13: =IF('Données brutes'!BK13="","",6-'Données brutes'!BK13) -> 2 | AA13: =IF('Données brutes'!BL13="","",6-'Données brutes'!BL13) -> 1 | AB13: =IF('Données brutes'!BM13="","",6-'Données brutes'!BM13) -> 3 | AC13: =IF('Données brutes'!BN13="","",6-'Données brutes'!BN13) -> 3 | AD13: =IF('Données brutes'!BO13="","",6-'Données brutes'!BO13) -> 1 | AE13: =IF('Données brutes'!BP13="","",6-'Données brutes'!BP13) -> 5 | AF13: =IF('Données brutes'!BQ13="","",6-'Données brutes'!BQ13) -> 4 | AG13: =IF('Données brutes'!BR13="","",'Données brutes'!BR13) -> 4 | AH13: =IF('Données brutes'!BS13="","",'Données brutes'!BS13) -> 3 | AI13: =IF('Données brutes'!BT13="","",'Données brutes'!BT13) -> 4 | AJ13: =IF('Données brutes'!BU13="","",'Données brutes'!BU13) -> 4 | AK13: =IF('Données brutes'!BV13="","",'Données brutes'!BV13) -> 1 | AL13: =IF('Données brutes'!BW13="","",'Données brutes'!BW13) -> 2 | AM13: =IF('Données brutes'!BX13="","",'Données brutes'!BX13) -> 1 | AN13: =IF('Données brutes'!BY13="","",'Données brutes'!BY13) -> 3 | AO13: =IF('Données brutes'!BZ13="","",'Données brutes'!BZ13) -> 4 | AP13: =IF('Données brutes'!CG13="","",'Données brutes'!CG13) -> 3 | AQ13: =IF('Données brutes'!CH13="","",'Données brutes'!CH13) -> 4 | AR13: =IF('Données brutes'!CI13="","",'Données brutes'!CI13) -> 3 | AS13: =IF('Données brutes'!CJ13="","",'Données brutes'!CJ13) -> 3 | AT13: =IFERROR(AVERAGE(B13:D13),"") | AU13: =IFERROR(AVERAGE(E13:J13),"") -> 3.6666667 | AV13: =IFERROR(AVERAGE(K13:Q13),"") -> 3.2857143 | AW13: =IFERROR(AVERAGE(R13:Y13),"") -> 2.8571429 | AX13: =IFERROR(AVERAGE(Z13:AF13),"") -> 2.7142857 | AY13: =IFERROR(AVERAGE(AG13:AJ13),"") -> 3.75 | AZ13: =IFERROR(AVERAGE(AK13:AO13),"") -> 2.2 | BA13: =IFERROR(AVERAGE(AP13:AS13),"") -> 3.25 | BB13: =IFERROR(AVERAGE(B13:AS13),"") -> 3.075
... A46: ='Données brutes'!A46 -> 45 | B46: =IF('Données brutes'!Y46="","",'Données brutes'!Y46) | C46: =IF('Données brutes'!Z46="","",6-'Données brutes'!Z46) | D46: =IF('Données brutes'!AA46="","",'Données brutes'!AA46) | E46: =IF('Données brutes'!AB46="","",'Données brutes'!AB46) -> 5 | F46: =IF('Données brutes'!AC46="","",6-'Données brutes'!AC46) -> 2 | G46: =IF('Données brutes'!AD46="","",6-'Données brutes'!AD46) -> 3 | H46: =IF('Données brutes'!AE46="","",'Données brutes'!AE46) -> 5 | I46: =IF('Données brutes'!AF46="","",'Données brutes'!AF46) -> 2 | J46: =IF('Données brutes'!AG46="","",6-'Données brutes'!AG46) -> 3 | K46: =IF('Données brutes'!AO46="","",'Données brutes'!AO46) -> 5 | L46: =IF('Données brutes'!AP46="","",6-'Données brutes'!AP46) -> 2 | M46: =IF('Données brutes'!AQ46="","",'Données brutes'!AQ46) -> 4 | N46: =IF('Données brutes'!AR46="","",'Données brutes'!AR46) | O46: =IF('Données brutes'!AS46="","",'Données brutes'!AS46) -> 1 | P46: =IF('Données brutes'!AT46="","",'Données brutes'!AT46) -> 3 | Q46: =IF('Données brutes'!AU46="","",'Données brutes'!AU46) -> 5 | R46: =IF('Données brutes'!BC46="","",'Données brutes'!BC46) -> 2 | S46: =IF('Données brutes'!BD46="","",'Données brutes'!BD46) -> 4 | T46: =IF('Données brutes'!BE46="","",'Données brutes'!BE46) -> 1 | U46: =IF('Données brutes'!BF46="","",'Données brutes'!BF46) -> 2 | V46: =IF('Données brutes'!BG46="","",6-'Données brutes'!BG46) -> 5 | W46: =IF('Données brutes'!BH46="","",'Données brutes'!BH46) -> 4 | X46: =IF('Données brutes'!BI46="","",'Données brutes'!BI46) -> 5 | Y46: =IF('Données brutes'!BJ46="","",'Données brutes'!BJ46) | Z46: =IF('Données brutes'!BK46="","",6-'Données brutes'!BK46) -> 1 | AA46: =IF('Données brutes'!BL46="","",6-'Données brutes'!BL46) -> 4 | AB46: =IF('Données brutes'!BM46="","",6-'Données brutes'!BM46) -> 1 | AC46: =IF('Données brutes'!BN46="","",6-'Données brutes'!BN46) -> 4 | AD46: =IF('Données brutes'!BO46="","",6-'Données brutes'!BO46) -> 3 | AE46: =IF('Données brutes'!BP46="","",6-'Données brutes'!BP46) -> 2 | AF46: =IF('Données brutes'!BQ46="","",6-'Données brutes'!BQ46) -> 3 | AG46: =IF('Données brutes'!BR46="","",'Données brutes'!BR46) -> 3 | AH46: =IF('Données brutes'!BS46="","",'Données brutes'!BS46) -> 4 | AI46: =IF('Données brutes'!BT46="","",'Données brutes'!BT46) -> 3 | AJ46: =IF('Données brutes'!BU46="","",'Données brutes'!BU46) -> 2 | AK46: =IF('Données brutes'!BV46="","",'Données brutes'!BV46) -> 3 | AL46: =IF('Données brutes'!BW46="","",'Données brutes'!BW46) -> 1 | AM46: =IF('Données brutes'!BX46="","",'Données brutes'!BX46) -> 2 | AN46: =IF('Données brutes'!BY46="","",'Données brutes'!BY46) -> 2 | AO46: =IF('Données brutes'!BZ46="","",'Données brutes'!BZ46) -> 2 | AP46: =IF('Données brutes'!CG46="","",'Données brutes'!CG46) -> 3 | AQ46: =IF('Données brutes'!CH46="","",'Données brutes'!CH46) -> 3 | AR46: =IF('Données brutes'!CI46="","",'Données brutes'!CI46) | AS46: =IF('Données brutes'!CJ46="","",'Données brutes'!CJ46) -> 5 | AT46: =IFERROR(AVERAGE(B46:D46),"") | AU46: =IFERROR(AVERAGE(E46:J46),"") -> 3.3333333 | AV46: =IFERROR(AVERAGE(K46:Q46),"") -> 3.3333333 | AW46: =IFERROR(AVERAGE(R46:Y46),"") -> 3.2857143 | AX46: =IFERROR(AVERAGE(Z46:AF46),"") -> 2.5714286 | AY46: =IFERROR(AVERAGE(AG46:AJ46),"") -> 3 | AZ46: =IFERROR(AVERAGE(AK46:AO46),"") -> 2 | BA46: =IFERROR(AVERAGE(AP46:AS46),"") -> 3.6666667 | BB46: =IFERROR(AVERAGE(B46:AS46),"") -> 3

Sheet Stats échelles
A1: Section | B1: Code | C1: Affirmation | D1: Inversé | E1: N | F1: Moyenne | G1: Écart-type | H1: Médiane | I1: n1 | J1: n2 | K1: n3 | L1: n4 | M1: n5 | N1: %1 | O1: %2 | P1: %3 | Q1: %4 | R1: %5 | S1: % accord (4-5) | T1: % désaccord (1-2) | U1: % neutre (3) | V1: Non-réponses
A2: I bis. Volet spécifique AME | B2: ame_a | C2: Je me sens suffisamment accompagné(e) dans mon insertion professionnelle en tant qu'AME. | E2: =COUNT('Données brutes'!$Y$2:$Y$46) -> 21 | F2: =IFERROR(AVERAGE('Données brutes'!$Y$2:$Y$46),"") -> 3.0952381 | G2: =IFERROR(STDEV('Données brutes'!$Y$2:$Y$46),"") -> 1.4800257 | H2: =IFERROR(MEDIAN('Données brutes'!$Y$2:$Y$46),"") -> 3 | I2: =COUNTIF('Données brutes'!$Y$2:$Y$46,1) -> 4 | J2: =COUNTIF('Données brutes'!$Y$2:$Y$46,2) -> 4 | K2: =COUNTIF('Données brutes'!$Y$2:$Y$46,3) -> 4 | L2: =COUNTIF('Données brutes'!$Y$2:$Y$46,4) -> 4 | M2: =COUNTIF('Données brutes'!$Y$2:$Y$46,5) -> 5 | N2: =IFERROR(COUNTIF('Données brutes'!$Y$2:$Y$46,1)/COUNT('Données brutes'!$Y$2:$Y$46),"") -> 0.19047619 | O2: =IFERROR(COUNTIF('Données brutes'!$Y$2:$Y$46,2)/COUNT('Données brutes'!$Y$2:$Y$46),"") -> 0.19047619 | P2: =IFERROR(COUNTIF('Données brutes'!$Y$2:$Y$46,3)/COUNT('Données brutes'!$Y$2:$Y$46),"") -> 0.19047619 | Q2: =IFERROR(COUNTIF('Données brutes'!$Y$2:$Y$46,4)/COUNT('Données brutes'!$Y$2:$Y$46),"") -> 0.19047619 | R2: =IFERROR(COUNTIF('Données brutes'!$Y$2:$Y$46,5)/COUNT('Données brutes'!$Y$2:$Y$46),"") -> 0.23809524 | S2: =IFERROR(COUNTIF('Données brutes'!$Y$2:$Y$46,">=4")/COUNT('Données brutes'!$Y$2:$Y$46),"") -> 0.42857143 | T2: =IFERROR(COUNTIF('Données brutes'!$Y$2:$Y$46,"<=2")/COUNT('Données brutes'!$Y$2:$Y$46),"") -> 0.38095238 | U2: =IFERROR(COUNTIF('Données brutes'!$Y$2:$Y$46,3)/COUNT('Données brutes'!$Y$2:$Y$46),"") -> 0.19047619 | V2: =45-COUNT('Données brutes'!$Y$2:$Y$46) -> 24
A3: I bis. Volet spécifique AME | B3: ame_b | C3: Mon statut d'AME limite mon accès aux mêmes formations que les enseignants titulaires. | D3: oui | E3: =COUNT('Données brutes'!$Z$2:$Z$46) -> 22 | F3: =IFERROR(AVERAGE('Données brutes'!$Z$2:$Z$46),"") -> 3.3181818 | G3: =IFERROR(STDEV('Données brutes'!$Z$2:$Z$46),"") -> 1.2105238 | H3: =IFERROR(MEDIAN('Données brutes'!$Z$2:$Z$46),"") -> 3 | I3: =COUNTIF('Données brutes'!$Z$2:$Z$46,1) -> 1 | J3: =COUNTIF('Données brutes'!$Z$2:$Z$46,2) -> 5 | K3: =COUNTIF('Données brutes'!$Z$2:$Z$46,3) -> 7 | L3: =COUNTIF('Données brutes'!$Z$2:$Z$46,4) -> 4 | M3: =COUNTIF('Données brutes'!$Z$2:$Z$46,5) -> 5 | N3: =IFERROR(COUNTIF('Données brutes'!$Z$2:$Z$46,1)/COUNT('Données brutes'!$Z$2:$Z$46),"") -> 0.045454545 | O3: =IFERROR(COUNTIF('Données brutes'!$Z$2:$Z$46,2)/COUNT('Données brutes'!$Z$2:$Z$46),"") -> 0.22727273 | P3: =IFERROR(COUNTIF('Données brutes'!$Z$2:$Z$46,3)/COUNT('Données brutes'!$Z$2:$Z$46),"") -> 0.31818182 | Q3: =IFERROR(COUNTIF('Données brutes'!$Z$2:$Z$46,4)/COUNT('Données brutes'!$Z$2:$Z$46),"") -> 0.18181818 | R3: =IFERROR(COUNTIF('Données brutes'!$Z$2:$Z$46,5)/COUNT('Données brutes'!$Z$2:$Z$46),"") -> 0.22727273 | S3: =IFERROR(COUNTIF('Données brutes'!$Z$2:$Z$46,">=4")/COUNT('Données brutes'!$Z$2:$Z$46),"") -> 0.40909091 | T3: =IFERROR(COUNTIF('Données brutes'!$Z$2:$Z$46,"<=2")/COUNT('Données brutes'!$Z$2:$Z$46),"") -> 0.27272727 | U3: =IFERROR(COUNTIF('Données brutes'!$Z$2:$Z$46,3)/COUNT('Données brutes'!$Z$2:$Z$46),"") -> 0.31818182 | V3: =45-COUNT('Données brutes'!$Z$2:$Z$46) -> 23
A4: I bis. Volet spécifique AME | B4: ame_c | C4: Un accompagnement spécifique aux AME, au-delà des formations générales, serait utile à mon intégration professionnelle. | E4: =COUNT('Données brutes'!$AA$2:$AA$46) -> 21 | F4: =IFERROR(AVERAGE('Données brutes'!$AA$2:$AA$46),"") -> 3.4285714 | G4: =IFERROR(STDEV('Données brutes'!$AA$2:$AA$46),"") -> 0.6761234 | H4: =IFERROR(MEDIAN('Données brutes'!$AA$2:$AA$46),"") -> 3 | I4: =COUNTIF('Données brutes'!$AA$2:$AA$46,1) -> 0 | J4: =COUNTIF('Données brutes'!$AA$2:$AA$46,2) -> 1 | K4: =COUNTIF('Données brutes'!$AA$2:$AA$46,3) -> 11 | L4: =COUNTIF('Données brutes'!$AA$2:$AA$46,4) -> 8 | M4: =COUNTIF('Données brutes'!$AA$2:$AA$46,5) -> 1 | N4: =IFERROR(COUNTIF('Données brutes'!$AA$2:$AA$46,1)/COUNT('Données brutes'!$AA$2:$AA$46),"") -> 0 | O4: =IFERROR(COUNTIF('Données brutes'!$AA$2:$AA$46,2)/COUNT('Données brutes'!$AA$2:$AA$46),"") -> 0.047619048 | P4: =IFERROR(COUNTIF('Données brutes'!$AA$2:$AA$46,3)/COUNT('Données brutes'!$AA$2:$AA$46),"") -> 0.52380952 | Q4: =IFERROR(COUNTIF('Données brutes'!$AA$2:$AA$46,4)/COUNT('Données brutes'!$AA$2:$AA$46),"") -> 0.38095238 | R4: =IFERROR(COUNTIF('Données brutes'!$AA$2:$AA$46,5)/COUNT('Données brutes'!$AA$2:$AA$46),"") -> 0.047619048 | S4: =IFERROR(COUNTIF('Données brutes'!$AA$2:$AA$46,">=4")/COUNT('Données brutes'!$AA$2:$AA$46),"") -> 0.42857143 | T4: =IFERROR(COUNTIF('Données brutes'!$AA$2:$AA$46,"<=2")/COUNT('Données brutes'!$AA$2:$AA$46),"") -> 0.047619048 | U4: =IFERROR(COUNTIF('Données brutes'!$AA$2:$AA$46,3)/COUNT('Données brutes'!$AA$2:$AA$46),"") -> 0.52380952 | V4: =45-COUNT('Données brutes'!$AA$2:$AA$46) -> 24
A5: II. Politique et organisation de la formation continue | B5: q1 | C5: Je suis régulièrement informé à l'avance des opportunités de formation. | E5: =COUNT('Données brutes'!$AB$2:$AB$46) -> 44 | F5: =IFERROR(AVERAGE('Données brutes'!$AB$2:$AB$46),"") -> 3.2954545 | G5: =IFERROR(STDEV('Données brutes'!$AB$2:$AB$46),"") -> 1.1926041 | H5: =IFERROR(MEDIAN('Données brutes'!$AB$2:$AB$46),"") -> 3 | I5: =COUNTIF('Données brutes'!$AB$2:$AB$46,1) -> 4 | J5: =COUNTIF('Données brutes'!$AB$2:$AB$46,2) -> 6 | K5: =COUNTIF('Données brutes'!$AB$2:$AB$46,3) -> 15 | L5: =COUNTIF('Données brutes'!$AB$2:$AB$46,4) -> 11 | M5: =COUNTIF('Données brutes'!$AB$2:$AB$46,5) -> 8 | N5: =IFERROR(COUNTIF('Données brutes'!$AB$2:$AB$46,1)/COUNT('Données brutes'!$AB$2:$AB$46),"") -> 0.090909091 | O5: =IFERROR(COUNTIF('Données brutes'!$AB$2:$AB$46,2)/COUNT('Données brutes'!$AB$2:$AB$46),"") -> 0.13636364 | P5: =IFERROR(COUNTIF('Données brutes'!$AB$2:$AB$46,3)/COUNT('Données brutes'!$AB$2:$AB$46),"") -> 0.34090909 | Q5: =IFERROR(COUNTIF('Données brutes'!$AB$2:$AB$46,4)/COUNT('Données brutes'!$AB$2:$AB$46),"") -> 0.25 | R5: =IFERROR(COUNTIF('Données brutes'!$AB$2:$AB$46,5)/COUNT('Données brutes'!$AB$2:$AB$46),"") -> 0.18181818 | S5: =IFERROR(COUNTIF('Données brutes'!$AB$2:$AB$46,">=4")/COUNT('Données brutes'!$AB$2:$AB$46),"") -> 0.43181818 | T5: =IFERROR(COUNTIF('Données brutes'!$AB$2:$AB$46,"<=2")/COUNT('Données brutes'!$AB$2:$AB$46),"") -> 0.22727273 | U5: =IFERROR(COUNTIF('Données brutes'!$AB$2:$AB$46,3)/COUNT('Données brutes'!$AB$2:$AB$46),"") -> 0.34090909 | V5: =45-COUNT('Données brutes'!$AB$2:$AB$46) -> 1
A6: II. Politique et organisation de la formation continue | B6: q2 | C6: Les formations sont organisées de façon ponctuelle, sans continuité dans l'année. | D6: oui | E6: =COUNT('Données brutes'!$AC$2:$AC$46) -> 43 | F6: =IFERROR(AVERAGE('Données brutes'!$AC$2:$AC$46),"") -> 3.4186047 | G6: =IFERROR(STDEV('Données brutes'!$AC$2:$AC$46),"") -> 1.1594859 | H6: =IFERROR(MEDIAN('Données brutes'!$AC$2:$AC$46),"") -> 4 | I6: =COUNTIF('Données brutes'!$AC$2:$AC$46,1) -> 3 | J6: =COUNTIF('Données brutes'!$AC$2:$AC$46,2) -> 7 | K6: =COUNTIF('Données brutes'!$AC$2:$AC$46,3) -> 9 | L6: =COUNTIF('Données brutes'!$AC$2:$AC$46,4) -> 17 | M6: =COUNTIF('Données brutes'!$AC$2:$AC$46,5) -> 7 | N6: =IFERROR(COUNTIF('Données brutes'!$AC$2:$AC$46,1)/COUNT('Données brutes'!$AC$2:$AC$46),"") -> 0.069767442 | O6: =IFERROR(COUNTIF('Données brutes'!$AC$2:$AC$46,2)/COUNT('Données brutes'!$AC$2:$AC$46),"") -> 0.1627907 | P6: =IFERROR(COUNTIF('Données brutes'!$AC$2:$AC$46,3)/COUNT('Données brutes'!$AC$2:$AC$46),"") -> 0.20930233 | Q6: =IFERROR(COUNTIF('Données brutes'!$AC$2:$AC$46,4)/COUNT('Données brutes'!$AC$2:$AC$46),"") -> 0.39534884 | R6: =IFERROR(COUNTIF('Données brutes'!$AC$2:$AC$46,5)/COUNT('Données brutes'!$AC$2:$AC$46),"") -> 0.1627907 | S6: =IFERROR(COUNTIF('Données brutes'!$AC$2:$AC$46,">=4")/COUNT('Données brutes'!$AC$2:$AC$46),"") -> 0.55813953 | T6: =IFERROR(COUNTIF('Données brutes'!$AC$2:$AC$46,"<=2")/COUNT('Données brutes'!$AC$2:$AC$46),"") -> 0.23255814 | U6: =IFERROR(COUNTIF('Données brutes'!$AC$2:$AC$46,3)/COUNT('Données brutes'!$AC$2:$AC$46),"") -> 0.20930233 | V6: =45-COUNT('Données brutes'!$AC$2:$AC$46) -> 2
A7: II. Politique et organisation de la formation continue | B7: q3 | C7: Les thèmes de formation sont choisis sans me consulter (décision descendante). | D7: oui | E7: =COUNT('Données brutes'!$AD$2:$AD$46) -> 44 | F7: =IFERROR(AVERAGE('Données brutes'!$AD$2:$AD$46),"") -> 3.2727273 | G7: =IFERROR(STDEV('Données brutes'!$AD$2:$AD$46),"") -> 1.1686533 | H7: =IFERROR(MEDIAN('Données brutes'!$AD$2:$AD$46),"") -> 3 | I7: =COUNTIF('Données brutes'!$AD$2:$AD$46,1) -> 3 | J7: =COUNTIF('Données brutes'!$AD$2:$AD$46,2) -> 8 | K7: =COUNTIF('Données brutes'!$AD$2:$AD$46,3) -> 15 | L7: =COUNTIF('Données brutes'!$AD$2:$AD$46,4) -> 10 | M7: =COUNTIF('Données brutes'!$AD$2:$AD$46,5) -> 8 | N7: =IFERROR(COUNTIF('Données brutes'!$AD$2:$AD$46,1)/COUNT('Données brutes'!$AD$2:$AD$46),"") -> 0.068181818 | O7: =IFERROR(COUNTIF('Données brutes'!$AD$2:$AD$46,2)/COUNT('Données brutes'!$AD$2:$AD$46),"") -> 0.18181818 | P7: =IFERROR(COUNTIF('Données brutes'!$AD$2:$AD$46,3)/COUNT('Données brutes'!$AD$2:$AD$46),"") -> 0.34090909 | Q7: =IFERROR(COUNTIF('Données brutes'!$AD$2:$AD$46,4)/COUNT('Données brutes'!$AD$2:$AD$46),"") -> 0.22727273 | R7: =IFERROR(COUNTIF('Données brutes'!$AD$2:$AD$46,5)/COUNT('Données brutes'!$AD$2:$AD$46),"") -> 0.18181818 | S7: =IFERROR(COUNTIF('Données brutes'!$AD$2:$AD$46,">=4")/COUNT('Données brutes'!$AD$2:$AD$46),"") -> 0.40909091 | T7: =IFERROR(COUNTIF('Données brutes'!$AD$2:$AD$46,"<=2")/COUNT('Données brutes'!$AD$2:$AD$46),"") -> 0.25 | U7: =IFERROR(COUNTIF('Données brutes'!$AD$2:$AD$46,3)/COUNT('Données brutes'!$AD$2:$AD$46),"") -> 0.34090909 | V7: =45-COUNT('Données brutes'!$AD$2:$AD$46) -> 1
A8: II. Politique et organisation de la formation continue | B8: q4 | C8: Les Animations Pédagogiques de Zone (APZ) répondent à mes besoins réels. | E8: =COUNT('Données brutes'!$AE$2:$AE$46) -> 44 | F8: =IFERROR(AVERAGE('Données brutes'!$AE$2:$AE$46),"") -> 3.3636364 | G8: =IFERROR(STDEV('Données brutes'!$AE$2:$AE$46),"") -> 1.3824634 | H8: =IFERROR(MEDIAN('Données brutes'!$AE$2:$AE$46),"") -> 4 | I8: =COUNTIF('Données brutes'!$AE$2:$AE$46,1) -> 6 | J8: =COUNTIF('Données brutes'!$AE$2:$AE$46,2) -> 7 | K8: =COUNTIF('Données brutes'!$AE$2:$AE$46,3) -> 7 | L8: =COUNTIF('Données brutes'!$AE$2:$AE$46,4) -> 13 | M8: =COUNTIF('Données brutes'!$AE$2:$AE$46,5) -> 11 | N8: =IFERROR(COUNTIF('Données brutes'!$AE$2:$AE$46,1)/COUNT('Données brutes'!$AE$2:$AE$46),"") -> 0.13636364 | O8: =IFERROR(COUNTIF('Données brutes'!$AE$2:$AE$46,2)/COUNT('Données brutes'!$AE$2:$AE$46),"") -> 0.15909091 | P8: =IFERROR(COUNTIF('Données brutes'!$AE$2:$AE$46,3)/COUNT('Données brutes'!$AE$2:$AE$46),"") -> 0.15909091 | Q8: =IFERROR(COUNTIF('Données brutes'!$AE$2:$AE$46,4)/COUNT('Données brutes'!$AE$2:$AE$46),"") -> 0.29545455 | R8: =IFERROR(COUNTIF('Données brutes'!$AE$2:$AE$46,5)/COUNT('Données brutes'!$AE$2:$AE$46),"") -> 0.25 | S8: =IFERROR(COUNTIF('Données brutes'!$AE$2:$AE$46,">=4")/COUNT('Données brutes'!$AE$2:$AE$46),"") -> 0.54545455 | T8: =IFERROR(COUNTIF('Données brutes'!$AE$2:$AE$46,"<=2")/COUNT('Données brutes'!$AE$2:$AE$46),"") -> 0.29545455 | U8: =IFERROR(COUNTIF('Données brutes'!$AE$2:$AE$46,3)/COUNT('Données brutes'!$AE$2:$AE$46),"") -> 0.15909091 | V8: =45-COUNT('Données brutes'!$AE$2:$AE$46) -> 1
A9: II. Politique et organisation de la formation continue | B9: q5 | C9: Les Animations Pédagogiques d'Établissement (APE/APH) sont utiles pour ma pratique quotidienne. | E9: =COUNT('Données brutes'!$AF$2:$AF$46) -> 44 | F9: =IFERROR(AVERAGE('Données brutes'!$AF$2:$AF$46),"") -> 2.9318182 | G9: =IFERROR(STDEV('Données brutes'!$AF$2:$AF$46),"") -> 1.1492713 | H9: =IFERROR(MEDIAN('Données brutes'!$AF$2:$AF$46),"") -> 3 | I9: =COUNTIF('Données brutes'!$AF$2:$AF$46,1) -> 3 | J9: =COUNTIF('Données brutes'!$AF$2:$AF$46,2) -> 16 | K9: =COUNTIF('Données brutes'!$AF$2:$AF$46,3) -> 11 | L9: =COUNTIF('Données brutes'!$AF$2:$AF$46,4) -> 9 | M9: =COUNTIF('Données brutes'!$AF$2:$AF$46,5) -> 5 | N9: =IFERROR(COUNTIF('Données brutes'!$AF$2:$AF$46,1)/COUNT('Données brutes'!$AF$2:$AF$46),"") -> 0.068181818 | O9: =IFERROR(COUNTIF('Données brutes'!$AF$2:$AF$46,2)/COUNT('Données brutes'!$AF$2:$AF$46),"") -> 0.36363636 | P9: =IFERROR(COUNTIF('Données brutes'!$AF$2:$AF$46,3)/COUNT('Données brutes'!$AF$2:$AF$46),"") -> 0.25 | Q9: =IFERROR(COUNTIF('Données brutes'!$AF$2:$AF$46,4)/COUNT('Données brutes'!$AF$2:$AF$46),"") -> 0.20454545 | R9: =IFERROR(COUNTIF('Données brutes'!$AF$2:$AF$46,5)/COUNT('Données brutes'!$AF$2:$AF$46),"") -> 0.11363636 | S9: =IFERROR(COUNTIF('Données brutes'!$AF$2:$AF$46,">=4")/COUNT('Données brutes'!$AF$2:$AF$46),"") -> 0.31818182 | T9: =IFERROR(COUNTIF('Données brutes'!$AF$2:$AF$46,"<=2")/COUNT('Données brutes'!$AF$2:$AF$46),"") -> 0.43181818 | U9: =IFERROR(COUNTIF('Données brutes'!$AF$2:$AF$46,3)/COUNT('Données brutes'!$AF$2:$AF$46),"") -> 0.25 | V9: =45-COUNT('Données brutes'!$AF$2:$AF$46) -> 1
A10: II. Politique et organisation de la formation continue | B10: q6 | C10: Les formations dépendent trop de projets extérieurs (ONG, bailleurs, projets temporaires). | D10: oui | E10: =COUNT('Données brutes'!$AG$2:$AG$46) -> 42 | F10: =IFERROR(AVERAGE('Données brutes'!$AG$2:$AG$46),"") -> 3.2380952 | G10: =IFERROR(STDEV('Données brutes'!$AG$2:$AG$46),"") -> 1.0548269 | H10: =IFERROR(MEDIAN('Données brutes'!$AG$2:$AG$46),"") -> 3 | I10: =COUNTIF('Données brutes'!$AG$2:$AG$46,1) -> 2 | J10: =COUNTIF('Données brutes'!$AG$2:$AG$46,2) -> 8 | K10: =COUNTIF('Données brutes'!$AG$2:$AG$46,3) -> 15 | L10: =COUNTIF('Données brutes'!$AG$2:$AG$46,4) -> 12 | M10: =COUNTIF('Données brutes'!$AG$2:$AG$46,5) -> 5 | N10: =IFERROR(COUNTIF('Données brutes'!$AG$2:$AG$46,1)/COUNT('Données brutes'!$AG$2:$AG$46),"") -> 0.047619048 | O10: =IFERROR(COUNTIF('Données brutes'!$AG$2:$AG$46,2)/COUNT('Données brutes'!$AG$2:$AG$46),"") -> 0.19047619 | P10: =IFERROR(COUNTIF('Données brutes'!$AG$2:$AG$46,3)/COUNT('Données brutes'!$AG$2:$AG$46),"") -> 0.35714286 | Q10: =IFERROR(COUNTIF('Données brutes'!$AG$2:$AG$46,4)/COUNT('Données brutes'!$AG$2:$AG$46),"") -> 0.28571429 | R10: =IFERROR(COUNTIF('Données brutes'!$AG$2:$AG$46,5)/COUNT('Données brutes'!$AG$2:$AG$46),"") -> 0.11904762 | S10: =IFERROR(COUNTIF('Données brutes'!$AG$2:$AG$46,">=4")/COUNT('Données brutes'!$AG$2:$AG$46),"") -> 0.4047619 | T10: =IFERROR(COUNTIF('Données brutes'!$AG$2:$AG$46,"<=2")/COUNT('Données brutes'!$AG$2:$AG$46),"") -> 0.23809524 | U10: =IFERROR(COUNTIF('Données brutes'!$AG$2:$AG$46,3)/COUNT('Données brutes'!$AG$2:$AG$46),"") -> 0.35714286 | V10: =45-COUNT('Données brutes'!$AG$2:$AG$46) -> 3
A11: III. Pertinence, approche pédagogique et réflexivité | B11: q8 | C11: Les formations répondent à mes besoins réels rencontrés en classe. | E11: =COUNT('Données brutes'!$AO$2:$AO$46) -> 42 | F11: =IFERROR(AVERAGE('Données brutes'!$AO$2:$AO$46),"") -> 3.2142857 | G11: =IFERROR(STDEV('Données brutes'!$AO$2:$AO$46),"") -> 1.1589675 | H11: =IFERROR(MEDIAN('Données brutes'!$AO$2:$AO$46),"") -> 3 | I11: =COUNTIF('Données brutes'!$AO$2:$AO$46,1) -> 5 | J11: =COUNTIF('Données brutes'!$AO$2:$AO$46,2) -> 5 | K11: =COUNTIF('Données brutes'!$AO$2:$AO$46,3) -> 12 | L11: =COUNTIF('Données brutes'!$AO$2:$AO$46,4) -> 16 | M11: =COUNTIF('Données brutes'!$AO$2:$AO$46,5) -> 4 | N11: =IFERROR(COUNTIF('Données brutes'!$AO$2:$AO$46,1)/COUNT('Données brutes'!$AO$2:$AO$46),"") -> 0.11904762 | O11: =IFERROR(COUNTIF('Données brutes'!$AO$2:$AO$46,2)/COUNT('Données brutes'!$AO$2:$AO$46),"") -> 0.11904762 | P11: =IFERROR(COUNTIF('Données brutes'!$AO$2:$AO$46,3)/COUNT('Données brutes'!$AO$2:$AO$46),"") -> 0.28571429 | Q11: =IFERROR(COUNTIF('Données brutes'!$AO$2:$AO$46,4)/COUNT('Données brutes'!$AO$2:$AO$46),"") -> 0.38095238 | R11: =IFERROR(COUNTIF('Données brutes'!$AO$2:$AO$46,5)/COUNT('Données brutes'!$AO$2:$AO$46),"") -> 0.095238095 | S11: =IFERROR(COUNTIF('Données brutes'!$AO$2:$AO$46,">=4")/COUNT('Données brutes'!$AO$2:$AO$46),"") -> 0.47619048 | T11: =IFERROR(COUNTIF('Données brutes'!$AO$2:$AO$46,"<=2")/COUNT('Données brutes'!$AO$2:$AO$46),"") -> 0.23809524 | U11: =IFERROR(COUNTIF('Données brutes'!$AO$2:$AO$46,3)/COUNT('Données brutes'!$AO$2:$AO$46),"") -> 0.28571429 | V11: =45-COUNT('Données brutes'!$AO$2:$AO$46) -> 3
A12: III. Pertinence, approche pédagogique et réflexivité | B12: q9 | C12: Les contenus sont trop théoriques et éloignés de ma réalité de terrain. | D12: oui | E12: =COUNT('Données brutes'!$AP$2:$AP$46) -> 45 | F12: =IFERROR(AVERAGE('Données brutes'!$AP$2:$AP$46),"") -> 3.4666667 | G12: =IFERROR(STDEV('Données brutes'!$AP$2:$AP$46),"") -> 1.1793681 | H12: =IFERROR(MEDIAN('Données brutes'!$AP$2:$AP$46),"") -> 4 | I12: =COUNTIF('Données brutes'!$AP$2:$AP$46,1) -> 3 | J12: =COUNTIF('Données brutes'!$AP$2:$AP$46,2) -> 6 | K12: =COUNTIF('Données brutes'!$AP$2:$AP$46,3) -> 13 | L12: =COUNTIF('Données brutes'!$AP$2:$AP$46,4) -> 13 | M12: =COUNTIF('Données brutes'!$AP$2:$AP$46,5) -> 10 | N12: =IFERROR(COUNTIF('Données brutes'!$AP$2:$AP$46,1)/COUNT('Données brutes'!$AP$2:$AP$46),"") -> 0.066666667 | O12: =IFERROR(COUNTIF('Données brutes'!$AP$2:$AP$46,2)/COUNT('Données brutes'!$AP$2:$AP$46),"") -> 0.13333333 | P12: =IFERROR(COUNTIF('Données brutes'!$AP$2:$AP$46,3)/COUNT('Données brutes'!$AP$2:$AP$46),"") -> 0.28888889 | Q12: =IFERROR(COUNTIF('Données brutes'!$AP$2:$AP$46,4)/COUNT('Données brutes'!$AP$2:$AP$46),"") -> 0.28888889 | R12: =IFERROR(COUNTIF('Données brutes'!$AP$2:$AP$46,5)/COUNT('Données brutes'!$AP$2:$AP$46),"") -> 0.22222222 | S12: =IFERROR(COUNTIF('Données brutes'!$AP$2:$AP$46,">=4")/COUNT('Données brutes'!$AP$2:$AP$46),"") -> 0.51111111 | T12: =IFERROR(COUNTIF('Données brutes'!$AP$2:$AP$46,"<=2")/COUNT('Données brutes'!$AP$2:$AP$46),"") -> 0.2 | U12: =IFERROR(COUNTIF('Données brutes'!$AP$2:$AP$46,3)/COUNT('Données brutes'!$AP$2:$AP$46),"") -> 0.28888889 | V12: =45-COUNT('Données brutes'!$AP$2:$AP$46) -> 0
A13: III. Pertinence, approche pédagogique et réflexivité | B13: q10 | C13: Les formations sont adaptées à l'Approche Par Compétences (APC) attendue dans les programmes. | E13: =COUNT('Données brutes'!$AQ$2:$AQ$46) -> 42 | F13: =IFERROR(AVERAGE('Données brutes'!$AQ$2:$AQ$46),"") -> 3.6428571 | G13: =IFERROR(STDEV('Données brutes'!$AQ$2:$AQ$46),"") -> 1.1003642 | H13: =IFERROR(MEDIAN('Données brutes'!$AQ$2:$AQ$46),"") -> 4 | I13: =COUNTIF('Données brutes'!$AQ$2:$AQ$46,1) -> 1 | J13: =COUNTIF('Données brutes'!$AQ$2:$AQ$46,2) -> 5 | K13: =COUNTIF('Données brutes'!$AQ$2:$AQ$46,3) -> 14 | L13: =COUNTIF('Données brutes'!$AQ$2:$AQ$46,4) -> 10 | M13: =COUNTIF('Données brutes'!$AQ$2:$AQ$46,5) -> 12 | N13: =IFERROR(COUNTIF('Données brutes'!$AQ$2:$AQ$46,1)/COUNT('Données brutes'!$AQ$2:$AQ$46),"") -> 0.023809524 | O13: =IFERROR(COUNTIF('Données brutes'!$AQ$2:$AQ$46,2)/COUNT('Données brutes'!$AQ$2:$AQ$46),"") -> 0.11904762 | P13: =IFERROR(COUNTIF('Données brutes'!$AQ$2:$AQ$46,3)/COUNT('Données brutes'!$AQ$2:$AQ$46),"") -> 0.33333333 | Q13: =IFERROR(COUNTIF('Données brutes'!$AQ$2:$AQ$46,4)/COUNT('Données brutes'!$AQ$2:$AQ$46),"") -> 0.23809524 | R13: =IFERROR(COUNTIF('Données brutes'!$AQ$2:$AQ$46,5)/COUNT('Données brutes'!$AQ$2:$AQ$46),"") -> 0.28571429 | S13: =IFERROR(COUNTIF('Données brutes'!$AQ$2:$AQ$46,">=4")/COUNT('Données brutes'!$AQ$2:$AQ$46),"") -> 0.52380952 | T13: =IFERROR(COUNTIF('Données brutes'!$AQ$2:$AQ$46,"<=2")/COUNT('Données brutes'!$AQ$2:$AQ$46),"") -> 0.14285714 | U13: =IFERROR(COUNTIF('Données brutes'!$AQ$2:$AQ$46,3)/COUNT('Données brutes'!$AQ$2:$AQ$46),"") -> 0.33333333 | V13: =45-COUNT('Données brutes'!$AQ$2:$AQ$46) -> 3
A14: III. Pertinence, approche pédagogique et réflexivité | B14: q11 | C14: Les formateurs valorisent mon expérience professionnelle. | E14: =COUNT('Données brutes'!$AR$2:$AR$46) -> 42 | F14: =IFERROR(AVERAGE('Données brutes'!$AR$2:$AR$46),"") -> 3.1428571 | G14: =IFERROR(STDEV('Données brutes'!$AR$2:$AR$46),"") -> 1.2986189 | H14: =IFERROR(MEDIAN('Données brutes'!$AR$2:$AR$46),"") -> 3 | I14: =COUNTIF('Données brutes'!$AR$2:$AR$46,1) -> 7 | J14: =COUNTIF('Données brutes'!$AR$2:$AR$46,2) -> 5 | K14: =COUNTIF('Données brutes'!$AR$2:$AR$46,3) -> 11 | L14: =COUNTIF('Données brutes'!$AR$2:$AR$46,4) -> 13 | M14: =COUNTIF('Données brutes'!$AR$2:$AR$46,5) -> 6 | N14: =IFERROR(COUNTIF('Données brutes'!$AR$2:$AR$46,1)/COUNT('Données brutes'!$AR$2:$AR$46),"") -> 0.16666667 | O14: =IFERROR(COUNTIF('Données brutes'!$AR$2:$AR$46,2)/COUNT('Données brutes'!$AR$2:$AR$46),"") -> 0.11904762 | P14: =IFERROR(COUNTIF('Données brutes'!$AR$2:$AR$46,3)/COUNT('Données brutes'!$AR$2:$AR$46),"") -> 0.26190476 | Q14: =IFERROR(COUNTIF('Données brutes'!$AR$2:$AR$46,4)/COUNT('Données brutes'!$AR$2:$AR$46),"") -> 0.30952381 | R14: =IFERROR(COUNTIF('Données brutes'!$AR$2:$AR$46,5)/COUNT('Données brutes'!$AR$2:$AR$46),"") -> 0.14285714 | S14: =IFERROR(COUNTIF('Données brutes'!$AR$2:$AR$46,">=4")/COUNT('Données brutes'!$AR$2:$AR$46),"") -> 0.45238095 | T14: =IFERROR(COUNTIF('Données brutes'!$AR$2:$AR$46,"<=2")/COUNT('Données brutes'!$AR$2:$AR$46),"") -> 0.28571429 | U14: =IFERROR(COUNTIF('Données brutes'!$AR$2:$AR$46,3)/COUNT('Données brutes'!$AR$2:$AR$46),"") -> 0.26190476 | V14: =45-COUNT('Données brutes'!$AR$2:$AR$46) -> 3
A15: III. Pertinence, approche pédagogique et réflexivité | B15: q12 | C15: On utilise des méthodes actives (ateliers, études de cas, résolution de problèmes) pendant les formations. | E15: =COUNT('Données brutes'!$AS$2:$AS$46) -> 44 | F15: =IFERROR(AVERAGE('Données brutes'!$AS$2:$AS$46),"") -> 2.8636364 | G15: =IFERROR(STDEV('Données brutes'!$AS$2:$AS$46),"") -> 1.28662 | H15: =IFERROR(MEDIAN('Données brutes'!$AS$2:$AS$46),"") -> 3 | I15: =COUNTIF('Données brutes'!$AS$2:$AS$46,1) -> 9 | J15: =COUNTIF('Données brutes'!$AS$2:$AS$46,2) -> 7 | K15: =COUNTIF('Données brutes'!$AS$2:$AS$46,3) -> 14 | L15: =COUNTIF('Données brutes'!$AS$2:$AS$46,4) -> 9 | M15: =COUNTIF('Données brutes'!$AS$2:$AS$46,5) -> 5 | N15: =IFERROR(COUNTIF('Données brutes'!$AS$2:$AS$46,1)/COUNT('Données brutes'!$AS$2:$AS$46),"") -> 0.20454545 | O15: =IFERROR(COUNTIF('Données brutes'!$AS$2:$AS$46,2)/COUNT('Données brutes'!$AS$2:$AS$46),"") -> 0.15909091 | P15: =IFERROR(COUNTIF('Données brutes'!$AS$2:$AS$46,3)/COUNT('Données brutes'!$AS$2:$AS$46),"") -> 0.31818182 | Q15: =IFERROR(COUNTIF('Données brutes'!$AS$2:$AS$46,4)/COUNT('Données brutes'!$AS$2:$AS$46),"") -> 0.20454545 | R15: =IFERROR(COUNTIF('Données brutes'!$AS$2:$AS$46,5)/COUNT('Données brutes'!$AS$2:$AS$46),"") -> 0.11363636 | S15: =IFERROR(COUNTIF('Données brutes'!$AS$2:$AS$46,">=4")/COUNT('Données brutes'!$AS$2:$AS$46),"") -> 0.31818182 | T15: =IFERROR(COUNTIF('Données brutes'!$AS$2:$AS$46,"<=2")/COUNT('Données brutes'!$AS$2:$AS$46),"") -> 0.36363636 | U15: =IFERROR(COUNTIF('Données brutes'!$AS$2:$AS$46,3)/COUNT('Données brutes'!$AS$2:$AS$46),"") -> 0.31818182 | V15: =45-COUNT('Données brutes'!$AS$2:$AS$46) -> 1
A16: III. Pertinence, approche pédagogique et réflexivité | B16: q13 | C16: Je repars avec des outils ou fiches pratiques immédiatement utilisables en classe. | E16: =COUNT('Données brutes'!$AT$2:$AT$46) -> 45 | F16: =IFERROR(AVERAGE('Données brutes'!$AT$2:$AT$46),"") -> 3.4666667 | G16: =IFERROR(STDEV('Données brutes'!$AT$2:$AT$46),"") -> 1.1401754 | H16: =IFERROR(MEDIAN('Données brutes'!$AT$2:$AT$46),"") -> 3 | I16: =COUNTIF('Données brutes'!$AT$2:$AT$46,1) -> 1 | J16: =COUNTIF('Données brutes'!$AT$2:$AT$46,2) -> 9 | K16: =COUNTIF('Données brutes'!$AT$2:$AT$46,3) -> 14 | L16: =COUNTIF('Données brutes'!$AT$2:$AT$46,4) -> 10 | M16: =COUNTIF('Données brutes'!$AT$2:$AT$46,5) -> 11 | N16: =IFERROR(COUNTIF('Données brutes'!$AT$2:$AT$46,1)/COUNT('Données brutes'!$AT$2:$AT$46),"") -> 0.022222222 | O16: =IFERROR(COUNTIF('Données brutes'!$AT$2:$AT$46,2)/COUNT('Données brutes'!$AT$2:$AT$46),"") -> 0.2 | P16: =IFERROR(COUNTIF('Données brutes'!$AT$2:$AT$46,3)/COUNT('Données brutes'!$AT$2:$AT$46),"") -> 0.31111111 | Q16: =IFERROR(COUNTIF('Données brutes'!$AT$2:$AT$46,4)/COUNT('Données brutes'!$AT$2:$AT$46),"") -> 0.22222222 | R16: =IFERROR(COUNTIF('Données brutes'!$AT$2:$AT$46,5)/COUNT('Données brutes'!$AT$2:$AT$46),"") -> 0.24444444 | S16: =IFERROR(COUNTIF('Données brutes'!$AT$2:$AT$46,">=4")/COUNT('Données brutes'!$AT$2:$AT$46),"") -> 0.46666667 | T16: =IFERROR(COUNTIF('Données brutes'!$AT$2:$AT$46,"<=2")/COUNT('Données brutes'!$AT$2:$AT$46),"") -> 0.22222222 | U16: =IFERROR(COUNTIF('Données brutes'!$AT$2:$AT$46,3)/COUNT('Données brutes'!$AT$2:$AT$46),"") -> 0.31111111 | V16: =45-COUNT('Données brutes'!$AT$2:$AT$46) -> 0
A17: III. Pertinence, approche pédagogique et réflexivité | B17: q14 | C17: Les formations m'amènent à analyser et réfléchir sur ma propre pratique de classe. | E17: =COUNT('Données brutes'!$AU$2:$AU$46) -> 41 | F17: =IFERROR(AVERAGE('Données brutes'!$AU$2:$AU$46),"") -> 3.097561 | G17: =IFERROR(STDEV('Données brutes'!$AU$2:$AU$46),"") -> 1.2001016 | H17: =IFERROR(MEDIAN('Données brutes'!$AU$2:$AU$46),"") -> 3 | I17: =COUNTIF('Données brutes'!$AU$2:$AU$46,1) -> 6 | J17: =COUNTIF('Données brutes'!$AU$2:$AU$46,2) -> 5 | K17: =COUNTIF('Données brutes'!$AU$2:$AU$46,3) -> 13 | L17: =COUNTIF('Données brutes'!$AU$2:$AU$46,4) -> 13 | M17: =COUNTIF('Données brutes'!$AU$2:$AU$46,5) -> 4 | N17: =IFERROR(COUNTIF('Données brutes'!$AU$2:$AU$46,1)/COUNT('Données brutes'!$AU$2:$AU$46),"") -> 0.14634146 | O17: =IFERROR(COUNTIF('Données brutes'!$AU$2:$AU$46,2)/COUNT('Données brutes'!$AU$2:$AU$46),"") -> 0.12195122 | P17: =IFERROR(COUNTIF('Données brutes'!$AU$2:$AU$46,3)/COUNT('Données brutes'!$AU$2:$AU$46),"") -> 0.31707317 | Q17: =IFERROR(COUNTIF('Données brutes'!$AU$2:$AU$46,4)/COUNT('Données brutes'!$AU$2:$AU$46),"") -> 0.31707317 | R17: =IFERROR(COUNTIF('Données brutes'!$AU$2:$AU$46,5)/COUNT('Données brutes'!$AU$2:$AU$46),"") -> 0.097560976 | S17: =IFERROR(COUNTIF('Données brutes'!$AU$2:$AU$46,">=4")/COUNT('Données brutes'!$AU$2:$AU$46),"") -> 0.41463415 | T17: =IFERROR(COUNTIF('Données brutes'!$AU$2:$AU$46,"<=2")/COUNT('Données brutes'!$AU$2:$AU$46),"") -> 0.26829268 | U17: =IFERROR(COUNTIF('Données brutes'!$AU$2:$AU$46,3)/COUNT('Données brutes'!$AU$2:$AU$46),"") -> 0.31707317 | V17: =45-COUNT('Données brutes'!$AU$2:$AU$46) -> 4
A18: IV. Pratiques réelles d'accompagnement | B18: q17 | C18: Un suivi rigoureux est assuré après chaque formation (visite en classe, entretien individuel). | E18: =COUNT('Données brutes'!$BC$2:$BC$46) -> 45 | F18: =IFERROR(AVERAGE('Données brutes'!$BC$2:$BC$46),"") -> 3.2222222 | G18: =IFERROR(STDEV('Données brutes'!$BC$2:$BC$46),"") -> 1.3295401 | H18: =IFERROR(MEDIAN('Données brutes'!$BC$2:$BC$46),"") -> 3 | I18: =COUNTIF('Données brutes'!$BC$2:$BC$46,1) -> 7 | J18: =COUNTIF('Données brutes'!$BC$2:$BC$46,2) -> 5 | K18: =COUNTIF('Données brutes'!$BC$2:$BC$46,3) -> 13 | L18: =COUNTIF('Données brutes'!$BC$2:$BC$46,4) -> 11 | M18: =COUNTIF('Données brutes'!$BC$2:$BC$46,5) -> 9 | N18: =IFERROR(COUNTIF('Données brutes'!$BC$2:$BC$46,1)/COUNT('Données brutes'!$BC$2:$BC$46),"") -> 0.15555556 | O18: =IFERROR(COUNTIF('Données brutes'!$BC$2:$BC$46,2)/COUNT('Données brutes'!$BC$2:$BC$46),"") -> 0.11111111 | P18: =IFERROR(COUNTIF('Données brutes'!$BC$2:$BC$46,3)/COUNT('Données brutes'!$BC$2:$BC$46),"") -> 0.28888889 | Q18: =IFERROR(COUNTIF('Données brutes'!$BC$2:$BC$46,4)/COUNT('Données brutes'!$BC$2:$BC$46),"") -> 0.24444444 | R18: =IFERROR(COUNTIF('Données brutes'!$BC$2:$BC$46,5)/COUNT('Données brutes'!$BC$2:$BC$46),"") -> 0.2 | S18: =IFERROR(COUNTIF('Données brutes'!$BC$2:$BC$46,">=4")/COUNT('Données brutes'!$BC$2:$BC$46),"") -> 0.44444444 | T18: =IFERROR(COUNTIF('Données brutes'!$BC$2:$BC$46,"<=2")/COUNT('Données brutes'!$BC$2:$BC$46),"") -> 0.26666667 | U18: =IFERROR(COUNTIF('Données brutes'!$BC$2:$BC$46,3)/COUNT('Données brutes'!$BC$2:$BC$46),"") -> 0.28888889 | V18: =45-COUNT('Données brutes'!$BC$2:$BC$46) -> 0
A19: IV. Pratiques réelles d'accompagnement | B19: q18 | C19: Je bénéficie d'un accompagnement de proximité (conseiller pédagogique, tuteur, pair mentor). | E19: =COUNT('Données brutes'!$BD$2:$BD$46) -> 44 | F19: =IFERROR(AVERAGE('Données brutes'!$BD$2:$BD$46),"") -> 3.25 | G19: =IFERROR(STDEV('Données brutes'!$BD$2:$BD$46),"") -> 1.2031934 | H19: =IFERROR(MEDIAN('Données brutes'!$BD$2:$BD$46),"") -> 3 | I19: =COUNTIF('Données brutes'!$BD$2:$BD$46,1) -> 3 | J19: =COUNTIF('Données brutes'!$BD$2:$BD$46,2) -> 10 | K19: =COUNTIF('Données brutes'!$BD$2:$BD$46,3) -> 12 | L19: =COUNTIF('Données brutes'!$BD$2:$BD$46,4) -> 11 | M19: =COUNTIF('Données brutes'!$BD$2:$BD$46,5) -> 8 | N19: =IFERROR(COUNTIF('Données brutes'!$BD$2:$BD$46,1)/COUNT('Données brutes'!$BD$2:$BD$46),"") -> 0.068181818 | O19: =IFERROR(COUNTIF('Données brutes'!$BD$2:$BD$46,2)/COUNT('Données brutes'!$BD$2:$BD$46),"") -> 0.22727273 | P19: =IFERROR(COUNTIF('Données brutes'!$BD$2:$BD$46,3)/COUNT('Données brutes'!$BD$2:$BD$46),"") -> 0.27272727 | Q19: =IFERROR(COUNTIF('Données brutes'!$BD$2:$BD$46,4)/COUNT('Données brutes'!$BD$2:$BD$46),"") -> 0.25 | R19: =IFERROR(COUNTIF('Données brutes'!$BD$2:$BD$46,5)/COUNT('Données brutes'!$BD$2:$BD$46),"") -> 0.18181818 | S19: =IFERROR(COUNTIF('Données brutes'!$BD$2:$BD$46,">=4")/COUNT('Données brutes'!$BD$2:$BD$46),"") -> 0.43181818 | T19: =IFERROR(COUNTIF('Données brutes'!$BD$2:$BD$46,"<=2")/COUNT('Données brutes'!$BD$2:$BD$46),"") -> 0.29545455 | U19: =IFERROR(COUNTIF('Données brutes'!$BD$2:$BD$46,3)/COUNT('Données brutes'!$BD$2:$BD$46),"") -> 0.27272727 | V19: =45-COUNT('Données brutes'!$BD$2:$BD$46) -> 1
A20: IV. Pratiques réelles d'accompagnement | B20: q19 | C20: Les inspecteurs ou encadreurs assurent un suivi efficace après la formation. | E20: =COUNT('Données brutes'!$BE$2:$BE$46) -> 42 | F20: =IFERROR(AVERAGE('Données brutes'!$BE$2:$BE$46),"") -> 3.0238095 | G20: =IFERROR(STDEV('Données brutes'!$BE$2:$BE$46),"") -> 1.1993514 | H20: =IFERROR(MEDIAN('Données brutes'!$BE$2:$BE$46),"") -> 3 | I20: =COUNTIF('Données brutes'!$BE$2:$BE$46,1) -> 5 | J20: =COUNTIF('Données brutes'!$BE$2:$BE$46,2) -> 9 | K20: =COUNTIF('Données brutes'!$BE$2:$BE$46,3) -> 13 | L20: =COUNTIF('Données brutes'!$BE$2:$BE$46,4) -> 10 | M20: =COUNTIF('Données brutes'!$BE$2:$BE$46,5) -> 5 | N20: =IFERROR(COUNTIF('Données brutes'!$BE$2:$BE$46,1)/COUNT('Données brutes'!$BE$2:$BE$46),"") -> 0.11904762 | O20: =IFERROR(COUNTIF('Données brutes'!$BE$2:$BE$46,2)/COUNT('Données brutes'!$BE$2:$BE$46),"") -> 0.21428571 | P20: =IFERROR(COUNTIF('Données brutes'!$BE$2:$BE$46,3)/COUNT('Données brutes'!$BE$2:$BE$46),"") -> 0.30952381 | Q20: =IFERROR(COUNTIF('Données brutes'!$BE$2:$BE$46,4)/COUNT('Données brutes'!$BE$2:$BE$46),"") -> 0.23809524 | R20: =IFERROR(COUNTIF('Données brutes'!$BE$2:$BE$46,5)/COUNT('Données brutes'!$BE$2:$BE$46),"") -> 0.11904762 | S20: =IFERROR(COUNTIF('Données brutes'!$BE$2:$BE$46,">=4")/COUNT('Données brutes'!$BE$2:$BE$46),"") -> 0.35714286 | T20: =IFERROR(COUNTIF('Données brutes'!$BE$2:$BE$46,"<=2")/COUNT('Données brutes'!$BE$2:$BE$46),"") -> 0.33333333 | U20: =IFERROR(COUNTIF('Données brutes'!$BE$2:$BE$46,3)/COUNT('Données brutes'!$BE$2:$BE$46),"") -> 0.30952381 | V20: =45-COUNT('Données brutes'!$BE$2:$BE$46) -> 3
A21: IV. Pratiques réelles d'accompagnement | B21: q20 | C21: Les effets des formations sur les apprentissages des élèves sont régulièrement évalués. | E21: =COUNT('Données brutes'!$BF$2:$BF$46) -> 43 | F21: =IFERROR(AVERAGE('Données brutes'!$BF$2:$BF$46),"") -> 3.2093023 | G21: =IFERROR(STDEV('Données brutes'!$BF$2:$BF$46),"") -> 1.2828194 | H21: =IFERROR(MEDIAN('Données brutes'!$BF$2:$BF$46),"") -> 3 | I21: =COUNTIF('Données brutes'!$BF$2:$BF$46,1) -> 3 | J21: =COUNTIF('Données brutes'!$BF$2:$BF$46,2) -> 14 | K21: =COUNTIF('Données brutes'!$BF$2:$BF$46,3) -> 5 | L21: =COUNTIF('Données brutes'!$BF$2:$BF$46,4) -> 13 | M21: =COUNTIF('Données brutes'!$BF$2:$BF$46,5) -> 8 | N21: =IFERROR(COUNTIF('Données brutes'!$BF$2:$BF$46,1)/COUNT('Données brutes'!$BF$2:$BF$46),"") -> 0.069767442 | O21: =IFERROR(COUNTIF('Données brutes'!$BF$2:$BF$46,2)/COUNT('Données brutes'!$BF$2:$BF$46),"") -> 0.3255814 | P21: =IFERROR(COUNTIF('Données brutes'!$BF$2:$BF$46,3)/COUNT('Données brutes'!$BF$2:$BF$46),"") -> 0.11627907 | Q21: =IFERROR(COUNTIF('Données brutes'!$BF$2:$BF$46,4)/COUNT('Données brutes'!$BF$2:$BF$46),"") -> 0.30232558 | R21: =IFERROR(COUNTIF('Données brutes'!$BF$2:$BF$46,5)/COUNT('Données brutes'!$BF$2:$BF$46),"") -> 0.18604651 | S21: =IFERROR(COUNTIF('Données brutes'!$BF$2:$BF$46,">=4")/COUNT('Données brutes'!$BF$2:$BF$46),"") -> 0.48837209 | T21: =IFERROR(COUNTIF('Données brutes'!$BF$2:$BF$46,"<=2")/COUNT('Données brutes'!$BF$2:$BF$46),"") -> 0.39534884 | U21: =IFERROR(COUNTIF('Données brutes'!$BF$2:$BF$46,3)/COUNT('Données brutes'!$BF$2:$BF$46),"") -> 0.11627907 | V21: =45-COUNT('Données brutes'!$BF$2:$BF$46) -> 2
A22: IV. Pratiques réelles d'accompagnement | B22: q21 | C22: Sans accompagnement post-formation, j'ai du mal à mettre en œuvre ce que j'ai appris. | D22: oui | E22: =COUNT('Données brutes'!$BG$2:$BG$46) -> 43 | F22: =IFERROR(AVERAGE('Données brutes'!$BG$2:$BG$46),"") -> 3.4651163 | G22: =IFERROR(STDEV('Données brutes'!$BG$2:$BG$46),"") -> 1.3156356 | H22: =IFERROR(MEDIAN('Données brutes'!$BG$2:$BG$46),"") -> 4 | I22: =COUNTIF('Données brutes'!$BG$2:$BG$46,1) -> 5 | J22: =COUNTIF('Données brutes'!$BG$2:$BG$46,2) -> 5 | K22: =COUNTIF('Données brutes'!$BG$2:$BG$46,3) -> 9 | L22: =COUNTIF('Données brutes'!$BG$2:$BG$46,4) -> 13 | M22: =COUNTIF('Données brutes'!$BG$2:$BG$46,5) -> 11 | N22: =IFERROR(COUNTIF('Données brutes'!$BG$2:$BG$46,1)/COUNT('Données brutes'!$BG$2:$BG$46),"") -> 0.11627907 | O22: =IFERROR(COUNTIF('Données brutes'!$BG$2:$BG$46,2)/COUNT('Données brutes'!$BG$2:$BG$46),"") -> 0.11627907 | P22: =IFERROR(COUNTIF('Données brutes'!$BG$2:$BG$46,3)/COUNT('Données brutes'!$BG$2:$BG$46),"") -> 0.20930233 | Q22: =IFERROR(COUNTIF('Données brutes'!$BG$2:$BG$46,4)/COUNT('Données brutes'!$BG$2:$BG$46),"") -> 0.30232558 | R22: =IFERROR(COUNTIF('Données brutes'!$BG$2:$BG$46,5)/COUNT('Données brutes'!$BG$2:$BG$46),"") -> 0.25581395 | S22: =IFERROR(COUNTIF('Données brutes'!$BG$2:$BG$46,">=4")/COUNT('Données brutes'!$BG$2:$BG$46),"") -> 0.55813953 | T22: =IFERROR(COUNTIF('Données brutes'!$BG$2:$BG$46,"<=2")/COUNT('Données brutes'!$BG$2:$BG$46),"") -> 0.23255814 | U22: =IFERROR(COUNTIF('Données brutes'!$BG$2:$BG$46,3)/COUNT('Données brutes'!$BG$2:$BG$46),"") -> 0.20930233 | V22: =45-COUNT('Données brutes'!$BG$2:$BG$46) -> 2
A23: IV. Pratiques réelles d'accompagnement | B23: q22 | C23: Un système de tutorat ou mentorat entre enseignants serait utile. | E23: =COUNT('Données brutes'!$BH$2:$BH$46) -> 45 | F23: =IFERROR(AVERAGE('Données brutes'!$BH$2:$BH$46),"") -> 3.2444444 | G23: =IFERROR(STDEV('Données brutes'!$BH$2:$BH$46),"") -> 1.1511961 | H23: =IFERROR(MEDIAN('Données brutes'!$BH$2:$BH$46),"") -> 3 | I23: =COUNTIF('Données brutes'!$BH$2:$BH$46,1) -> 3 | J23: =COUNTIF('Données brutes'!$BH$2:$BH$46,2) -> 10 | K23: =COUNTIF('Données brutes'!$BH$2:$BH$46,3) -> 11 | L23: =COUNTIF('Données brutes'!$BH$2:$BH$46,4) -> 15 | M23: =COUNTIF('Données brutes'!$BH$2:$BH$46,5) -> 6 | N23: =IFERROR(COUNTIF('Données brutes'!$BH$2:$BH$46,1)/COUNT('Données brutes'!$BH$2:$BH$46),"") -> 0.066666667 | O23: =IFERROR(COUNTIF('Données brutes'!$BH$2:$BH$46,2)/COUNT('Données brutes'!$BH$2:$BH$46),"") -> 0.22222222 | P23: =IFERROR(COUNTIF('Données brutes'!$BH$2:$BH$46,3)/COUNT('Données brutes'!$BH$2:$BH$46),"") -> 0.24444444 | Q23: =IFERROR(COUNTIF('Données brutes'!$BH$2:$BH$46,4)/COUNT('Données brutes'!$BH$2:$BH$46),"") -> 0.33333333 | R23: =IFERROR(COUNTIF('Données brutes'!$BH$2:$BH$46,5)/COUNT('Données brutes'!$BH$2:$BH$46),"") -> 0.13333333 | S23: =IFERROR(COUNTIF('Données brutes'!$BH$2:$BH$46,">=4")/COUNT('Données brutes'!$BH$2:$BH$46),"") -> 0.46666667 | T23: =IFERROR(COUNTIF('Données brutes'!$BH$2:$BH$46,"<=2")/COUNT('Données brutes'!$BH$2:$BH$46),"") -> 0.28888889 | U23: =IFERROR(COUNTIF('Données brutes'!$BH$2:$BH$46,3)/COUNT('Données brutes'!$BH$2:$BH$46),"") -> 0.24444444 | V23: =45-COUNT('Données brutes'!$BH$2:$BH$46) -> 0
A24: IV. Pratiques réelles d'accompagnement | B24: q23 | C24: L'accompagnement reçu porte sur des éléments concrets de ma pratique de classe, et non sur de simples formalités administratives. | E24: =COUNT('Données brutes'!$BI$2:$BI$46) -> 43 | F24: =IFERROR(AVERAGE('Données brutes'!$BI$2:$BI$46),"") -> 3.6046512 | G24: =IFERROR(STDEV('Données brutes'!$BI$2:$BI$46),"") -> 1.2371152 | H24: =IFERROR(MEDIAN('Données brutes'!$BI$2:$BI$46),"") -> 4 | I24: =COUNTIF('Données brutes'!$BI$2:$BI$46,1) -> 2 | J24: =COUNTIF('Données brutes'!$BI$2:$BI$46,2) -> 8 | K24: =COUNTIF('Données brutes'!$BI$2:$BI$46,3) -> 8 | L24: =COUNTIF('Données brutes'!$BI$2:$BI$46,4) -> 12 | M24: =COUNTIF('Données brutes'!$BI$2:$BI$46,5) -> 13 | N24: =IFERROR(COUNTIF('Données brutes'!$BI$2:$BI$46,1)/COUNT('Données brutes'!$BI$2:$BI$46),"") -> 0.046511628 | O24: =IFERROR(COUNTIF('Données brutes'!$BI$2:$BI$46,2)/COUNT('Données brutes'!$BI$2:$BI$46),"") -> 0.18604651 | P24: =IFERROR(COUNTIF('Données brutes'!$BI$2:$BI$46,3)/COUNT('Données brutes'!$BI$2:$BI$46),"") -> 0.18604651 | Q24: =IFERROR(COUNTIF('Données brutes'!$BI$2:$BI$46,4)/COUNT('Données brutes'!$BI$2:$BI$46),"") -> 0.27906977 | R24: =IFERROR(COUNTIF('Données brutes'!$BI$2:$BI$46,5)/COUNT('Données brutes'!$BI$2:$BI$46),"") -> 0.30232558 | S24: =IFERROR(COUNTIF('Données brutes'!$BI$2:$BI$46,">=4")/COUNT('Données brutes'!$BI$2:$BI$46),"") -> 0.58139535 | T24: =IFERROR(COUNTIF('Données brutes'!$BI$2:$BI$46,"<=2")/COUNT('Données brutes'!$BI$2:$BI$46),"") -> 0.23255814 | U24: =IFERROR(COUNTIF('Données brutes'!$BI$2:$BI$46,3)/COUNT('Données brutes'!$BI$2:$BI$46),"") -> 0.18604651 | V24: =45-COUNT('Données brutes'!$BI$2:$BI$46) -> 2
A25: IV. Pratiques réelles d'accompagnement | B25: q24 | C25: Les acteurs chargés de m'accompagner (inspecteur, conseiller pédagogique, pair mentor) sont clairement identifiés et disponibles. | E25: =COUNT('Données brutes'!$BJ$2:$BJ$46) -> 39 | F25: =IFERROR(AVERAGE('Données brutes'!$BJ$2:$BJ$46),"") -> 3.1538462 | G25: =IFERROR(STDEV('Données brutes'!$BJ$2:$BJ$46),"") -> 1.2039073 | H25: =IFERROR(MEDIAN('Données brutes'!$BJ$2:$BJ$46),"") -> 3 | I25: =COUNTIF('Données brutes'!$BJ$2:$BJ$46,1) -> 4 | J25: =COUNTIF('Données brutes'!$BJ$2:$BJ$46,2) -> 6 | K25: =COUNTIF('Données brutes'!$BJ$2:$BJ$46,3) -> 16 | L25: =COUNTIF('Données brutes'!$BJ$2:$BJ$46,4) -> 6 | M25: =COUNTIF('Données brutes'!$BJ$2:$BJ$46,5) -> 7 | N25: =IFERROR(COUNTIF('Données brutes'!$BJ$2:$BJ$46,1)/COUNT('Données brutes'!$BJ$2:$BJ$46),"") -> 0.1025641 | O25: =IFERROR(COUNTIF('Données brutes'!$BJ$2:$BJ$46,2)/COUNT('Données brutes'!$BJ$2:$BJ$46),"") -> 0.15384615 | P25: =IFERROR(COUNTIF('Données brutes'!$BJ$2:$BJ$46,3)/COUNT('Données brutes'!$BJ$2:$BJ$46),"") -> 0.41025641 | Q25: =IFERROR(COUNTIF('Données brutes'!$BJ$2:$BJ$46,4)/COUNT('Données brutes'!$BJ$2:$BJ$46),"") -> 0.15384615 | R25: =IFERROR(COUNTIF('Données brutes'!$BJ$2:$BJ$46,5)/COUNT('Données brutes'!$BJ$2:$BJ$46),"") -> 0.17948718 | S25: =IFERROR(COUNTIF('Données brutes'!$BJ$2:$BJ$46,">=4")/COUNT('Données brutes'!$BJ$2:$BJ$46),"") -> 0.33333333 | T25: =IFERROR(COUNTIF('Données brutes'!$BJ$2:$BJ$46,"<=2")/COUNT('Données brutes'!$BJ$2:$BJ$46),"") -> 0.25641026 | U25: =IFERROR(COUNTIF('Données brutes'!$BJ$2:$BJ$46,3)/COUNT('Données brutes'!$BJ$2:$BJ$46),"") -> 0.41025641 | V25: =45-COUNT('Données brutes'!$BJ$2:$BJ$46) -> 6
A26: V. Contraintes et obstacles majeurs | B26: q25 | C26: Ma charge de travail limite fortement ma participation aux formations. | D26: oui | E26: =COUNT('Données brutes'!$BK$2:$BK$46) -> 45 | F26: =IFERROR(AVERAGE('Données brutes'!$BK$2:$BK$46),"") -> 3.1555556 | G26: =IFERROR(STDEV('Données brutes'!$BK$2:$BK$46),"") -> 1.2605114 | H26: =IFERROR(MEDIAN('Données brutes'!$BK$2:$BK$46),"") -> 3 | I26: =COUNTIF('Données brutes'!$BK$2:$BK$46,1) -> 6 | J26: =COUNTIF('Données brutes'!$BK$2:$BK$46,2) -> 7 | K26: =COUNTIF('Données brutes'!$BK$2:$BK$46,3) -> 13 | L26: =COUNTIF('Données brutes'!$BK$2:$BK$46,4) -> 12 | M26: =COUNTIF('Données brutes'!$BK$2:$BK$46,5) -> 7 | N26: =IFERROR(COUNTIF('Données brutes'!$BK$2:$BK$46,1)/COUNT('Données brutes'!$BK$2:$BK$46),"") -> 0.13333333 | O26: =IFERROR(COUNTIF('Données brutes'!$BK$2:$BK$46,2)/COUNT('Données brutes'!$BK$2:$BK$46),"") -> 0.15555556 | P26: =IFERROR(COUNTIF('Données brutes'!$BK$2:$BK$46,3)/COUNT('Données brutes'!$BK$2:$BK$46),"") -> 0.28888889 | Q26: =IFERROR(COUNTIF('Données brutes'!$BK$2:$BK$46,4)/COUNT('Données brutes'!$BK$2:$BK$46),"") -> 0.26666667 | R26: =IFERROR(COUNTIF('Données brutes'!$BK$2:$BK$46,5)/COUNT('Données brutes'!$BK$2:$BK$46),"") -> 0.15555556 | S26: =IFERROR(COUNTIF('Données brutes'!$BK$2:$BK$46,">=4")/COUNT('Données brutes'!$BK$2:$BK$46),"") -> 0.42222222 | T26: =IFERROR(COUNTIF('Données brutes'!$BK$2:$BK$46,"<=2")/COUNT('Données brutes'!$BK$2:$BK$46),"") -> 0.28888889 | U26: =IFERROR(COUNTIF('Données brutes'!$BK$2:$BK$46,3)/COUNT('Données brutes'!$BK$2:$BK$46),"") -> 0.28888889 | V26: =45-COUNT('Données brutes'!$BK$2:$BK$46) -> 0
A27: V. Contraintes et obstacles majeurs | B27: q26 | C27: Les contraintes financières (transport, frais divers) freinent mon accès aux formations. | D27: oui | E27: =COUNT('Données brutes'!$BL$2:$BL$46) -> 45 | F27: =IFERROR(AVERAGE('Données brutes'!$BL$2:$BL$46),"") -> 3.3777778 | G27: =IFERROR(STDEV('Données brutes'!$BL$2:$BL$46),"") -> 1.1925696 | H27: =IFERROR(MEDIAN('Données brutes'!$BL$2:$BL$46),"") -> 3 | I27: =COUNTIF('Données brutes'!$BL$2:$BL$46,1) -> 3 | J27: =COUNTIF('Données brutes'!$BL$2:$BL$46,2) -> 8 | K27: =COUNTIF('Données brutes'!$BL$2:$BL$46,3) -> 12 | L27: =COUNTIF('Données brutes'!$BL$2:$BL$46,4) -> 13 | M27: =COUNTIF('Données brutes'!$BL$2:$BL$46,5) -> 9 | N27: =IFERROR(COUNTIF('Données brutes'!$BL$2:$BL$46,1)/COUNT('Données brutes'!$BL$2:$BL$46),"") -> 0.066666667 | O27: =IFERROR(COUNTIF('Données brutes'!$BL$2:$BL$46,2)/COUNT('Données brutes'!$BL$2:$BL$46),"") -> 0.17777778 | P27: =IFERROR(COUNTIF('Données brutes'!$BL$2:$BL$46,3)/COUNT('Données brutes'!$BL$2:$BL$46),"") -> 0.26666667 | Q27: =IFERROR(COUNTIF('Données brutes'!$BL$2:$BL$46,4)/COUNT('Données brutes'!$BL$2:$BL$46),"") -> 0.28888889 | R27: =IFERROR(COUNTIF('Données brutes'!$BL$2:$BL$46,5)/COUNT('Données brutes'!$BL$2:$BL$46),"") -> 0.2 | S27: =IFERROR(COUNTIF('Données brutes'!$BL$2:$BL$46,">=4")/COUNT('Données brutes'!$BL$2:$BL$46),"") -> 0.48888889 | T27: =IFERROR(COUNTIF('Données brutes'!$BL$2:$BL$46,"<=2")/COUNT('Données brutes'!$BL$2:$BL$46),"") -> 0.24444444 | U27: =IFERROR(COUNTIF('Données brutes'!$BL$2:$BL$46,3)/COUNT('Données brutes'!$BL$2:$BL$46),"") -> 0.26666667 | V27: =45-COUNT('Données brutes'!$BL$2:$BL$46) -> 0
A28: V. Contraintes et obstacles majeurs | B28: q27 | C28: Le manque de moyens matériels (salles, équipements, documents) est un frein important. | D28: oui | E28: =COUNT('Données brutes'!$BM$2:$BM$46) -> 44 | F28: =IFERROR(AVERAGE('Données brutes'!$BM$2:$BM$46),"") -> 3.1363636 | G28: =IFERROR(STDEV('Données brutes'!$BM$2:$BM$46),"") -> 1.2121653 | H28: =IFERROR(MEDIAN('Données brutes'!$BM$2:$BM$46),"") -> 3 | I28: =COUNTIF('Données brutes'!$BM$2:$BM$46,1) -> 5 | J28: =COUNTIF('Données brutes'!$BM$2:$BM$46,2) -> 7 | K28: =COUNTIF('Données brutes'!$BM$2:$BM$46,3) -> 16 | L28: =COUNTIF('Données brutes'!$BM$2:$BM$46,4) -> 9 | M28: =COUNTIF('Données brutes'!$BM$2:$BM$46,5) -> 7 | N28: =IFERROR(COUNTIF('Données brutes'!$BM$2:$BM$46,1)/COUNT('Données brutes'!$BM$2:$BM$46),"") -> 0.11363636 | O28: =IFERROR(COUNTIF('Données brutes'!$BM$2:$BM$46,2)/COUNT('Données brutes'!$BM$2:$BM$46),"") -> 0.15909091 | P28: =IFERROR(COUNTIF('Données brutes'!$BM$2:$BM$46,3)/COUNT('Données brutes'!$BM$2:$BM$46),"") -> 0.36363636 | Q28: =IFERROR(COUNTIF('Données brutes'!$BM$2:$BM$46,4)/COUNT('Données brutes'!$BM$2:$BM$46),"") -> 0.20454545 | R28: =IFERROR(COUNTIF('Données brutes'!$BM$2:$BM$46,5)/COUNT('Données brutes'!$BM$2:$BM$46),"") -> 0.15909091 | S28: =IFERROR(COUNTIF('Données brutes'!$BM$2:$BM$46,">=4")/COUNT('Données brutes'!$BM$2:$BM$46),"") -> 0.36363636 | T28: =IFERROR(COUNTIF('Données brutes'!$BM$2:$BM$46,"<=2")/COUNT('Données brutes'!$BM$2:$BM$46),"") -> 0.27272727 | U28: =IFERROR(COUNTIF('Données brutes'!$BM$2:$BM$46,3)/COUNT('Données brutes'!$BM$2:$BM$46),"") -> 0.36363636 | V28: =45-COUNT('Données brutes'!$BM$2:$BM$46) -> 1
A29: V. Contraintes et obstacles majeurs | B29: q28 | C29: L'éloignement géographique des lieux de formation est un obstacle majeur. | D29: oui | E29: =COUNT('Données brutes'!$BN$2:$BN$46) -> 44 | F29: =IFERROR(AVERAGE('Données brutes'!$BN$2:$BN$46),"") -> 3.3181818 | G29: =IFERROR(STDEV('Données brutes'!$BN$2:$BN$46),"") -> 1.2156485 | H29: =IFERROR(MEDIAN('Données brutes'!$BN$2:$BN$46),"") -> 3 | I29: =COUNTIF('Données brutes'!$BN$2:$BN$46,1) -> 1 | J29: =COUNTIF('Données brutes'!$BN$2:$BN$46,2) -> 13 | K29: =COUNTIF('Données brutes'!$BN$2:$BN$46,3) -> 12 | L29: =COUNTIF('Données brutes'!$BN$2:$BN$46,4) -> 7 | M29: =COUNTIF('Données brutes'!$BN$2:$BN$46,5) -> 11 | N29: =IFERROR(COUNTIF('Données brutes'!$BN$2:$BN$46,1)/COUNT('Données brutes'!$BN$2:$BN$46),"") -> 0.022727273 | O29: =IFERROR(COUNTIF('Données brutes'!$BN$2:$BN$46,2)/COUNT('Données brutes'!$BN$2:$BN$46),"") -> 0.29545455 | P29: =IFERROR(COUNTIF('Données brutes'!$BN$2:$BN$46,3)/COUNT('Données brutes'!$BN$2:$BN$46),"") -> 0.27272727 | Q29: =IFERROR(COUNTIF('Données brutes'!$BN$2:$BN$46,4)/COUNT('Données brutes'!$BN$2:$BN$46),"") -> 0.15909091 | R29: =IFERROR(COUNTIF('Données brutes'!$BN$2:$BN$46,5)/COUNT('Données brutes'!$BN$2:$BN$46),"") -> 0.25 | S29: =IFERROR(COUNTIF('Données brutes'!$BN$2:$BN$46,">=4")/COUNT('Données brutes'!$BN$2:$BN$46),"") -> 0.40909091 | T29: =IFERROR(COUNTIF('Données brutes'!$BN$2:$BN$46,"<=2")/COUNT('Données brutes'!$BN$2:$BN$46),"") -> 0.31818182 | U29: =IFERROR(COUNTIF('Données brutes'!$BN$2:$BN$46,3)/COUNT('Données brutes'!$BN$2:$BN$46),"") -> 0.27272727 | V29: =45-COUNT('Données brutes'!$BN$2:$BN$46) -> 1
A30: V. Contraintes et obstacles majeurs | B30: q29 | C30: Le manque de motivation personnelle ou collective impacte mon engagement. | D30: oui | E30: =COUNT('Données brutes'!$BO$2:$BO$46) -> 42 | F30: =IFERROR(AVERAGE('Données brutes'!$BO$2:$BO$46),"") -> 3.3095238 | G30: =IFERROR(STDEV('Données brutes'!$BO$2:$BO$46),"") -> 1.2970529 | H30: =IFERROR(MEDIAN('Données brutes'!$BO$2:$BO$46),"") -> 3 | I30: =COUNTIF('Données brutes'!$BO$2:$BO$46,1) -> 4 | J30: =COUNTIF('Données brutes'!$BO$2:$BO$46,2) -> 8 | K30: =COUNTIF('Données brutes'!$BO$2:$BO$46,3) -> 11 | L30: =COUNTIF('Données brutes'!$BO$2:$BO$46,4) -> 9 | M30: =COUNTIF('Données brutes'!$BO$2:$BO$46,5) -> 10 | N30: =IFERROR(COUNTIF('Données brutes'!$BO$2:$BO$46,1)/COUNT('Données brutes'!$BO$2:$BO$46),"") -> 0.095238095 | O30: =IFERROR(COUNTIF('Données brutes'!$BO$2:$BO$46,2)/COUNT('Données brutes'!$BO$2:$BO$46),"") -> 0.19047619 | P30: =IFERROR(COUNTIF('Données brutes'!$BO$2:$BO$46,3)/COUNT('Données brutes'!$BO$2:$BO$46),"") -> 0.26190476 | Q30: =IFERROR(COUNTIF('Données brutes'!$BO$2:$BO$46,4)/COUNT('Données brutes'!$BO$2:$BO$46),"") -> 0.21428571 | R30: =IFERROR(COUNTIF('Données brutes'!$BO$2:$BO$46,5)/COUNT('Données brutes'!$BO$2:$BO$46),"") -> 0.23809524 | S30: =IFERROR(COUNTIF('Données brutes'!$BO$2:$BO$46,">=4")/COUNT('Données brutes'!$BO$2:$BO$46),"") -> 0.45238095 | T30: =IFERROR(COUNTIF('Données brutes'!$BO$2:$BO$46,"<=2")/COUNT('Données brutes'!$BO$2:$BO$46),"") -> 0.28571429 | U30: =IFERROR(COUNTIF('Données brutes'!$BO$2:$BO$46,3)/COUNT('Données brutes'!$BO$2:$BO$46),"") -> 0.26190476 | V30: =45-COUNT('Données brutes'!$BO$2:$BO$46) -> 3
A31: V. Contraintes et obstacles majeurs | B31: q30 | C31: Les animateurs ou formateurs sont parfois insuffisamment formés. | D31: oui | E31: =COUNT('Données brutes'!$BP$2:$BP$46) -> 44 | F31: =IFERROR(AVERAGE('Données brutes'!$BP$2:$BP$46),"") -> 3.5227273 | G31: =IFERROR(STDEV('Données brutes'!$BP$2:$BP$46),"") -> 1.3722946 | H31: =IFERROR(MEDIAN('Données brutes'!$BP$2:$BP$46),"") -> 4 | I31: =COUNTIF('Données brutes'!$BP$2:$BP$46,1) -> 5 | J31: =COUNTIF('Données brutes'!$BP$2:$BP$46,2) -> 6 | K31: =COUNTIF('Données brutes'!$BP$2:$BP$46,3) -> 8 | L31: =COUNTIF('Données brutes'!$BP$2:$BP$46,4) -> 11 | M31: =COUNTIF('Données brutes'!$BP$2:$BP$46,5) -> 14 | N31: =IFERROR(COUNTIF('Données brutes'!$BP$2:$BP$46,1)/COUNT('Données brutes'!$BP$2:$BP$46),"") -> 0.11363636 | O31: =IFERROR(COUNTIF('Données brutes'!$BP$2:$BP$46,2)/COUNT('Données brutes'!$BP$2:$BP$46),"") -> 0.13636364 | P31: =IFERROR(COUNTIF('Données brutes'!$BP$2:$BP$46,3)/COUNT('Données brutes'!$BP$2:$BP$46),"") -> 0.18181818 | Q31: =IFERROR(COUNTIF('Données brutes'!$BP$2:$BP$46,4)/COUNT('Données brutes'!$BP$2:$BP$46),"") -> 0.25 | R31: =IFERROR(COUNTIF('Données brutes'!$BP$2:$BP$46,5)/COUNT('Données brutes'!$BP$2:$BP$46),"") -> 0.31818182 | S31: =IFERROR(COUNTIF('Données brutes'!$BP$2:$BP$46,">=4")/COUNT('Données brutes'!$BP$2:$BP$46),"") -> 0.56818182 | T31: =IFERROR(COUNTIF('Données brutes'!$BP$2:$BP$46,"<=2")/COUNT('Données brutes'!$BP$2:$BP$46),"") -> 0.25 | U31: =IFERROR(COUNTIF('Données brutes'!$BP$2:$BP$46,3)/COUNT('Données brutes'!$BP$2:$BP$46),"") -> 0.18181818 | V31: =45-COUNT('Données brutes'!$BP$2:$BP$46) -> 1
A32: V. Contraintes et obstacles majeurs | B32: q31 | C32: Le message des formations est déformé ou affaibli lorsqu'il passe de l'inspecteur au conseiller pédagogique puis à moi. | D32: oui | E32: =COUNT('Données brutes'!$BQ$2:$BQ$46) -> 44 | F32: =IFERROR(AVERAGE('Données brutes'!$BQ$2:$BQ$46),"") -> 3.2272727 | G32: =IFERROR(STDEV('Données brutes'!$BQ$2:$BQ$46),"") -> 1.2734066 | H32: =IFERROR(MEDIAN('Données brutes'!$BQ$2:$BQ$46),"") -> 3 | I32: =COUNTIF('Données brutes'!$BQ$2:$BQ$46,1) -> 6 | J32: =COUNTIF('Données brutes'!$BQ$2:$BQ$46,2) -> 6 | K32: =COUNTIF('Données brutes'!$BQ$2:$BQ$46,3) -> 11 | L32: =COUNTIF('Données brutes'!$BQ$2:$BQ$46,4) -> 14 | M32: =COUNTIF('Données brutes'!$BQ$2:$BQ$46,5) -> 7 | N32: =IFERROR(COUNTIF('Données brutes'!$BQ$2:$BQ$46,1)/COUNT('Données brutes'!$BQ$2:$BQ$46),"") -> 0.13636364 | O32: =IFERROR(COUNTIF('Données brutes'!$BQ$2:$BQ$46,2)/COUNT('Données brutes'!$BQ$2:$BQ$46),"") -> 0.13636364 | P32: =IFERROR(COUNTIF('Données brutes'!$BQ$2:$BQ$46,3)/COUNT('Données brutes'!$BQ$2:$BQ$46),"") -> 0.25 | Q32: =IFERROR(COUNTIF('Données brutes'!$BQ$2:$BQ$46,4)/COUNT('Données brutes'!$BQ$2:$BQ$46),"") -> 0.31818182 | R32: =IFERROR(COUNTIF('Données brutes'!$BQ$2:$BQ$46,5)/COUNT('Données brutes'!$BQ$2:$BQ$46),"") -> 0.15909091 | S32: =IFERROR(COUNTIF('Données brutes'!$BQ$2:$BQ$46,">=4")/COUNT('Données brutes'!$BQ$2:$BQ$46),"") -> 0.47727273 | T32: =IFERROR(COUNTIF('Données brutes'!$BQ$2:$BQ$46,"<=2")/COUNT('Données brutes'!$BQ$2:$BQ$46),"") -> 0.27272727 | U32: =IFERROR(COUNTIF('Données brutes'!$BQ$2:$BQ$46,3)/COUNT('Données brutes'!$BQ$2:$BQ$46),"") -> 0.25 | V32: =45-COUNT('Données brutes'!$BQ$2:$BQ$46) -> 1
A33: VI. Développement professionnel durable | B33: q32 | C33: La formation continue actuelle produit des changements durables dans ma pratique enseignante. | E33: =COUNT('Données brutes'!$BR$2:$BR$46) -> 44 | F33: =IFERROR(AVERAGE('Données brutes'!$BR$2:$BR$46),"") -> 3.2727273 | G33: =IFERROR(STDEV('Données brutes'!$BR$2:$BR$46),"") -> 1.3005122 | H33: =IFERROR(MEDIAN('Données brutes'!$BR$2:$BR$46),"") -> 3 | I33: =COUNTIF('Données brutes'!$BR$2:$BR$46,1) -> 5 | J33: =COUNTIF('Données brutes'!$BR$2:$BR$46,2) -> 8 | K33: =COUNTIF('Données brutes'!$BR$2:$BR$46,3) -> 10 | L33: =COUNTIF('Données brutes'!$BR$2:$BR$46,4) -> 12 | M33: =COUNTIF('Données brutes'!$BR$2:$BR$46,5) -> 9 | N33: =IFERROR(COUNTIF('Données brutes'!$BR$2:$BR$46,1)/COUNT('Données brutes'!$BR$2:$BR$46),"") -> 0.11363636 | O33: =IFERROR(COUNTIF('Données brutes'!$BR$2:$BR$46,2)/COUNT('Données brutes'!$BR$2:$BR$46),"") -> 0.18181818 | P33: =IFERROR(COUNTIF('Données brutes'!$BR$2:$BR$46,3)/COUNT('Données brutes'!$BR$2:$BR$46),"") -> 0.22727273 | Q33: =IFERROR(COUNTIF('Données brutes'!$BR$2:$BR$46,4)/COUNT('Données brutes'!$BR$2:$BR$46),"") -> 0.27272727 | R33: =IFERROR(COUNTIF('Données brutes'!$BR$2:$BR$46,5)/COUNT('Données brutes'!$BR$2:$BR$46),"") -> 0.20454545 | S33: =IFERROR(COUNTIF('Données brutes'!$BR$2:$BR$46,">=4")/COUNT('Données brutes'!$BR$2:$BR$46),"") -> 0.47727273 | T33: =IFERROR(COUNTIF('Données brutes'!$BR$2:$BR$46,"<=2")/COUNT('Données brutes'!$BR$2:$BR$46),"") -> 0.29545455 | U33: =IFERROR(COUNTIF('Données brutes'!$BR$2:$BR$46,3)/COUNT('Données brutes'!$BR$2:$BR$46),"") -> 0.22727273 | V33: =45-COUNT('Données brutes'!$BR$2:$BR$46) -> 1
A34: VI. Développement professionnel durable | B34: q33 | C34: Les formations ne dépendent pas uniquement de projets temporaires (elles pourraient continuer sans eux). | E34: =COUNT('Données brutes'!$BS$2:$BS$46) -> 42 | F34: =IFERROR(AVERAGE('Données brutes'!$BS$2:$BS$46),"") -> 3.3571429 | G34: =IFERROR(STDEV('Données brutes'!$BS$2:$BS$46),"") -> 1.1438367 | H34: =IFERROR(MEDIAN('Données brutes'!$BS$2:$BS$46),"") -> 4 | I34: =COUNTIF('Données brutes'!$BS$2:$BS$46,1) -> 3 | J34: =COUNTIF('Données brutes'!$BS$2:$BS$46,2) -> 7 | K34: =COUNTIF('Données brutes'!$BS$2:$BS$46,3) -> 10 | L34: =COUNTIF('Données brutes'!$BS$2:$BS$46,4) -> 16 | M34: =COUNTIF('Données brutes'!$BS$2:$BS$46,5) -> 6 | N34: =IFERROR(COUNTIF('Données brutes'!$BS$2:$BS$46,1)/COUNT('Données brutes'!$BS$2:$BS$46),"") -> 0.071428571 | O34: =IFERROR(COUNTIF('Données brutes'!$BS$2:$BS$46,2)/COUNT('Données brutes'!$BS$2:$BS$46),"") -> 0.16666667 | P34: =IFERROR(COUNTIF('Données brutes'!$BS$2:$BS$46,3)/COUNT('Données brutes'!$BS$2:$BS$46),"") -> 0.23809524 | Q34: =IFERROR(COUNTIF('Données brutes'!$BS$2:$BS$46,4)/COUNT('Données brutes'!$BS$2:$BS$46),"") -> 0.38095238 | R34: =IFERROR(COUNTIF('Données brutes'!$BS$2:$BS$46,5)/COUNT('Données brutes'!$BS$2:$BS$46),"") -> 0.14285714 | S34: =IFERROR(COUNTIF('Données brutes'!$BS$2:$BS$46,">=4")/COUNT('Données brutes'!$BS$2:$BS$46),"") -> 0.52380952 | T34: =IFERROR(COUNTIF('Données brutes'!$BS$2:$BS$46,"<=2")/COUNT('Données brutes'!$BS$2:$BS$46),"") -> 0.23809524 | U34: =IFERROR(COUNTIF('Données brutes'!$BS$2:$BS$46,3)/COUNT('Données brutes'!$BS$2:$BS$46),"") -> 0.23809524 | V34: =45-COUNT('Données brutes'!$BS$2:$BS$46) -> 3
A35: VI. Développement professionnel durable | B35: q34 | C35: La formation continue contribue réellement à un enseignement de qualité. | E35: =COUNT('Données brutes'!$BT$2:$BT$46) -> 45 | F35: =IFERROR(AVERAGE('Données brutes'!$BT$2:$BT$46),"") -> 3.2444444 | G35: =IFERROR(STDEV('Données brutes'!$BT$2:$BT$46),"") -> 1.0903618 | H35: =IFERROR(MEDIAN('Données brutes'!$BT$2:$BT$46),"") -> 3 | I35: =COUNTIF('Données brutes'!$BT$2:$BT$46,1) -> 3 | J35: =COUNTIF('Données brutes'!$BT$2:$BT$46,2) -> 7 | K35: =COUNTIF('Données brutes'!$BT$2:$BT$46,3) -> 17 | L35: =COUNTIF('Données brutes'!$BT$2:$BT$46,4) -> 12 | M35: =COUNTIF('Données brutes'!$BT$2:$BT$46,5) -> 6 | N35: =IFERROR(COUNTIF('Données brutes'!$BT$2:$BT$46,1)/COUNT('Données brutes'!$BT$2:$BT$46),"") -> 0.066666667 | O35: =IFERROR(COUNTIF('Données brutes'!$BT$2:$BT$46,2)/COUNT('Données brutes'!$BT$2:$BT$46),"") -> 0.15555556 | P35: =IFERROR(COUNTIF('Données brutes'!$BT$2:$BT$46,3)/COUNT('Données brutes'!$BT$2:$BT$46),"") -> 0.37777778 | Q35: =IFERROR(COUNTIF('Données brutes'!$BT$2:$BT$46,4)/COUNT('Données brutes'!$BT$2:$BT$46),"") -> 0.26666667 | R35: =IFERROR(COUNTIF('Données brutes'!$BT$2:$BT$46,5)/COUNT('Données brutes'!$BT$2:$BT$46),"") -> 0.13333333 | S35: =IFERROR(COUNTIF('Données brutes'!$BT$2:$BT$46,">=4")/COUNT('Données brutes'!$BT$2:$BT$46),"") -> 0.4 | T35: =IFERROR(COUNTIF('Données brutes'!$BT$2:$BT$46,"<=2")/COUNT('Données brutes'!$BT$2:$BT$46),"") -> 0.22222222 | U35: =IFERROR(COUNTIF('Données brutes'!$BT$2:$BT$46,3)/COUNT('Données brutes'!$BT$2:$BT$46),"") -> 0.37777778 | V35: =45-COUNT('Données brutes'!$BT$2:$BT$46) -> 0
A36: VI. Développement professionnel durable | B36: q35 | C36: Je me sens capable d'adapter ma pratique sans accompagnement extérieur après une formation. | E36: =COUNT('Données brutes'!$BU$2:$BU$46) -> 45 | F36: =IFERROR(AVERAGE('Données brutes'!$BU$2:$BU$46),"") -> 3.3111111 | G36: =IFERROR(STDEV('Données brutes'!$BU$2:$BU$46),"") -> 1.1041702 | H36: =IFERROR(MEDIAN('Données brutes'!$BU$2:$BU$46),"") -> 3 | I36: =COUNTIF('Données brutes'!$BU$2:$BU$46,1) -> 1 | J36: =COUNTIF('Données brutes'!$BU$2:$BU$46,2) -> 12 | K36: =COUNTIF('Données brutes'!$BU$2:$BU$46,3) -> 11 | L36: =COUNTIF('Données brutes'!$BU$2:$BU$46,4) -> 14 | M36: =COUNTIF('Données brutes'!$BU$2:$BU$46,5) -> 7 | N36: =IFERROR(COUNTIF('Données brutes'!$BU$2:$BU$46,1)/COUNT('Données brutes'!$BU$2:$BU$46),"") -> 0.022222222 | O36: =IFERROR(COUNTIF('Données brutes'!$BU$2:$BU$46,2)/COUNT('Données brutes'!$BU$2:$BU$46),"") -> 0.26666667 | P36: =IFERROR(COUNTIF('Données brutes'!$BU$2:$BU$46,3)/COUNT('Données brutes'!$BU$2:$BU$46),"") -> 0.24444444 | Q36: =IFERROR(COUNTIF('Données brutes'!$BU$2:$BU$46,4)/COUNT('Données brutes'!$BU$2:$BU$46),"") -> 0.31111111 | R36: =IFERROR(COUNTIF('Données brutes'!$BU$2:$BU$46,5)/COUNT('Données brutes'!$BU$2:$BU$46),"") -> 0.15555556 | S36: =IFERROR(COUNTIF('Données brutes'!$BU$2:$BU$46,">=4")/COUNT('Données brutes'!$BU$2:$BU$46),"") -> 0.46666667 | T36: =IFERROR(COUNTIF('Données brutes'!$BU$2:$BU$46,"<=2")/COUNT('Données brutes'!$BU$2:$BU$46),"") -> 0.28888889 | U36: =IFERROR(COUNTIF('Données brutes'!$BU$2:$BU$46,3)/COUNT('Données brutes'!$BU$2:$BU$46),"") -> 0.24444444 | V36: =45-COUNT('Données brutes'!$BU$2:$BU$46) -> 0
A37: VII. Numérique, évaluation des formateurs et auto-évaluation | B37: q36 | C37: Les formations intègrent efficacement les outils numériques (TIC, plateformes, ressources en ligne). | E37: =COUNT('Données brutes'!$BV$2:$BV$46) -> 45 | F37: =IFERROR(AVERAGE('Données brutes'!$BV$2:$BV$46),"") -> 3.6444444 | G37: =IFERROR(STDEV('Données brutes'!$BV$2:$BV$46),"") -> 1.281965 | H37: =IFERROR(MEDIAN('Données brutes'!$BV$2:$BV$46),"") -> 4 | I37: =COUNTIF('Données brutes'!$BV$2:$BV$46,1) -> 3 | J37: =COUNTIF('Données brutes'!$BV$2:$BV$46,2) -> 7 | K37: =COUNTIF('Données brutes'!$BV$2:$BV$46,3) -> 8 | L37: =COUNTIF('Données brutes'!$BV$2:$BV$46,4) -> 12 | M37: =COUNTIF('Données brutes'!$BV$2:$BV$46,5) -> 15 | N37: =IFERROR(COUNTIF('Données brutes'!$BV$2:$BV$46,1)/COUNT('Données brutes'!$BV$2:$BV$46),"") -> 0.066666667 | O37: =IFERROR(COUNTIF('Données brutes'!$BV$2:$BV$46,2)/COUNT('Données brutes'!$BV$2:$BV$46),"") -> 0.15555556 | P37: =IFERROR(COUNTIF('Données brutes'!$BV$2:$BV$46,3)/COUNT('Données brutes'!$BV$2:$BV$46),"") -> 0.17777778 | Q37: =IFERROR(COUNTIF('Données brutes'!$BV$2:$BV$46,4)/COUNT('Données brutes'!$BV$2:$BV$46),"") -> 0.26666667 | R37: =IFERROR(COUNTIF('Données brutes'!$BV$2:$BV$46,5)/COUNT('Données brutes'!$BV$2:$BV$46),"") -> 0.33333333 | S37: =IFERROR(COUNTIF('Données brutes'!$BV$2:$BV$46,">=4")/COUNT('Données brutes'!$BV$2:$BV$46),"") -> 0.6 | T37: =IFERROR(COUNTIF('Données brutes'!$BV$2:$BV$46,"<=2")/COUNT('Données brutes'!$BV$2:$BV$46),"") -> 0.22222222 | U37: =IFERROR(COUNTIF('Données brutes'!$BV$2:$BV$46,3)/COUNT('Données brutes'!$BV$2:$BV$46),"") -> 0.17777778 | V37: =45-COUNT('Données brutes'!$BV$2:$BV$46) -> 0
A38: VII. Numérique, évaluation des formateurs et auto-évaluation | B38: q37 | C38: J'ai accès à des ressources numériques pour me former. | E38: =COUNT('Données brutes'!$BW$2:$BW$46) -> 45 | F38: =IFERROR(AVERAGE('Données brutes'!$BW$2:$BW$46),"") -> 3.4444444 | G38: =IFERROR(STDEV('Données brutes'!$BW$2:$BW$46),"") -> 1.2532785 | H38: =IFERROR(MEDIAN('Données brutes'!$BW$2:$BW$46),"") -> 3 | I38: =COUNTIF('Données brutes'!$BW$2:$BW$46,1) -> 3 | J38: =COUNTIF('Données brutes'!$BW$2:$BW$46,2) -> 8 | K38: =COUNTIF('Données brutes'!$BW$2:$BW$46,3) -> 12 | L38: =COUNTIF('Données brutes'!$BW$2:$BW$46,4) -> 10 | M38: =COUNTIF('Données brutes'!$BW$2:$BW$46,5) -> 12 | N38: =IFERROR(COUNTIF('Données brutes'!$BW$2:$BW$46,1)/COUNT('Données brutes'!$BW$2:$BW$46),"") -> 0.066666667 | O38: =IFERROR(COUNTIF('Données brutes'!$BW$2:$BW$46,2)/COUNT('Données brutes'!$BW$2:$BW$46),"") -> 0.17777778 | P38: =IFERROR(COUNTIF('Données brutes'!$BW$2:$BW$46,3)/COUNT('Données brutes'!$BW$2:$BW$46),"") -> 0.26666667 | Q38: =IFERROR(COUNTIF('Données brutes'!$BW$2:$BW$46,4)/COUNT('Données brutes'!$BW$2:$BW$46),"") -> 0.22222222 | R38: =IFERROR(COUNTIF('Données brutes'!$BW$2:$BW$46,5)/COUNT('Données brutes'!$BW$2:$BW$46),"") -> 0.26666667 | S38: =IFERROR(COUNTIF('Données brutes'!$BW$2:$BW$46,">=4")/COUNT('Données brutes'!$BW$2:$BW$46),"") -> 0.48888889 | T38: =IFERROR(COUNTIF('Données brutes'!$BW$2:$BW$46,"<=2")/COUNT('Données brutes'!$BW$2:$BW$46),"") -> 0.24444444 | U38: =IFERROR(COUNTIF('Données brutes'!$BW$2:$BW$46,3)/COUNT('Données brutes'!$BW$2:$BW$46),"") -> 0.26666667 | V38: =45-COUNT('Données brutes'!$BW$2:$BW$46) -> 0
A39: VII. Numérique, évaluation des formateurs et auto-évaluation | B39: q38 | C39: Les formateurs sont qualifiés pour les contenus qu'ils dispensent. | E39: =COUNT('Données brutes'!$BX$2:$BX$46) -> 43 | F39: =IFERROR(AVERAGE('Données brutes'!$BX$2:$BX$46),"") -> 3.2790698 | G39: =IFERROR(STDEV('Données brutes'!$BX$2:$BX$46),"") -> 1.2784958 | H39: =IFERROR(MEDIAN('Données brutes'!$BX$2:$BX$46),"") -> 3 | I39: =COUNTIF('Données brutes'!$BX$2:$BX$46,1) -> 4 | J39: =COUNTIF('Données brutes'!$BX$2:$BX$46,2) -> 9 | K39: =COUNTIF('Données brutes'!$BX$2:$BX$46,3) -> 10 | L39: =COUNTIF('Données brutes'!$BX$2:$BX$46,4) -> 11 | M39: =COUNTIF('Données brutes'!$BX$2:$BX$46,5) -> 9 | N39: =IFERROR(COUNTIF('Données brutes'!$BX$2:$BX$46,1)/COUNT('Données brutes'!$BX$2:$BX$46),"") -> 0.093023256 | O39: =IFERROR(COUNTIF('Données brutes'!$BX$2:$BX$46,2)/COUNT('Données brutes'!$BX$2:$BX$46),"") -> 0.20930233 | P39: =IFERROR(COUNTIF('Données brutes'!$BX$2:$BX$46,3)/COUNT('Données brutes'!$BX$2:$BX$46),"") -> 0.23255814 | Q39: =IFERROR(COUNTIF('Données brutes'!$BX$2:$BX$46,4)/COUNT('Données brutes'!$BX$2:$BX$46),"") -> 0.25581395 | R39: =IFERROR(COUNTIF('Données brutes'!$BX$2:$BX$46,5)/COUNT('Données brutes'!$BX$2:$BX$46),"") -> 0.20930233 | S39: =IFERROR(COUNTIF('Données brutes'!$BX$2:$BX$46,">=4")/COUNT('Données brutes'!$BX$2:$BX$46),"") -> 0.46511628 | T39: =IFERROR(COUNTIF('Données brutes'!$BX$2:$BX$46,"<=2")/COUNT('Données brutes'!$BX$2:$BX$46),"") -> 0.30232558 | U39: =IFERROR(COUNTIF('Données brutes'!$BX$2:$BX$46,3)/COUNT('Données brutes'!$BX$2:$BX$46),"") -> 0.23255814 | V39: =45-COUNT('Données brutes'!$BX$2:$BX$46) -> 2
A40: VII. Numérique, évaluation des formateurs et auto-évaluation | B40: q39 | C40: Je peux évaluer anonymement les formateurs après chaque session. | E40: =COUNT('Données brutes'!$BY$2:$BY$46) -> 42 | F40: =IFERROR(AVERAGE('Données brutes'!$BY$2:$BY$46),"") -> 3.2380952 | G40: =IFERROR(STDEV('Données brutes'!$BY$2:$BY$46),"") -> 1.2058703 | H40: =IFERROR(MEDIAN('Données brutes'!$BY$2:$BY$46),"") -> 3 | I40: =COUNTIF('Données brutes'!$BY$2:$BY$46,1) -> 5 | J40: =COUNTIF('Données brutes'!$BY$2:$BY$46,2) -> 5 | K40: =COUNTIF('Données brutes'!$BY$2:$BY$46,3) -> 13 | L40: =COUNTIF('Données brutes'!$BY$2:$BY$46,4) -> 13 | M40: =COUNTIF('Données brutes'!$BY$2:$BY$46,5) -> 6 | N40: =IFERROR(COUNTIF('Données brutes'!$BY$2:$BY$46,1)/COUNT('Données brutes'!$BY$2:$BY$46),"") -> 0.11904762 | O40: =IFERROR(COUNTIF('Données brutes'!$BY$2:$BY$46,2)/COUNT('Données brutes'!$BY$2:$BY$46),"") -> 0.11904762 | P40: =IFERROR(COUNTIF('Données brutes'!$BY$2:$BY$46,3)/COUNT('Données brutes'!$BY$2:$BY$46),"") -> 0.30952381 | Q40: =IFERROR(COUNTIF('Données brutes'!$BY$2:$BY$46,4)/COUNT('Données brutes'!$BY$2:$BY$46),"") -> 0.30952381 | R40: =IFERROR(COUNTIF('Données brutes'!$BY$2:$BY$46,5)/COUNT('Données brutes'!$BY$2:$BY$46),"") -> 0.14285714 | S40: =IFERROR(COUNTIF('Données brutes'!$BY$2:$BY$46,">=4")/COUNT('Données brutes'!$BY$2:$BY$46),"") -> 0.45238095 | T40: =IFERROR(COUNTIF('Données brutes'!$BY$2:$BY$46,"<=2")/COUNT('Données brutes'!$BY$2:$BY$46),"") -> 0.23809524 | U40: =IFERROR(COUNTIF('Données brutes'!$BY$2:$BY$46,3)/COUNT('Données brutes'!$BY$2:$BY$46),"") -> 0.30952381 | V40: =45-COUNT('Données brutes'!$BY$2:$BY$46) -> 3
A41: VII. Numérique, évaluation des formateurs et auto-évaluation | B41: q40 | C41: Je pratique une auto-évaluation régulière de mes compétences après les formations. | E41: =COUNT('Données brutes'!$BZ$2:$BZ$46) -> 43 | F41: =IFERROR(AVERAGE('Données brutes'!$BZ$2:$BZ$46),"") -> 3.1627907 | G41: =IFERROR(STDEV('Données brutes'!$BZ$2:$BZ$46),"") -> 1.3615508 | H41: =IFERROR(MEDIAN('Données brutes'!$BZ$2:$BZ$46),"") -> 3 | I41: =COUNTIF('Données brutes'!$BZ$2:$BZ$46,1) -> 6 | J41: =COUNTIF('Données brutes'!$BZ$2:$BZ$46,2) -> 9 | K41: =COUNTIF('Données brutes'!$BZ$2:$BZ$46,3) -> 9 | L41: =COUNTIF('Données brutes'!$BZ$2:$BZ$46,4) -> 10 | M41: =COUNTIF('Données brutes'!$BZ$2:$BZ$46,5) -> 9 | N41: =IFERROR(COUNTIF('Données brutes'!$BZ$2:$BZ$46,1)/COUNT('Données brutes'!$BZ$2:$BZ$46),"") -> 0.13953488 | O41: =IFERROR(COUNTIF('Données brutes'!$BZ$2:$BZ$46,2)/COUNT('Données brutes'!$BZ$2:$BZ$46),"") -> 0.20930233 | P41: =IFERROR(COUNTIF('Données brutes'!$BZ$2:$BZ$46,3)/COUNT('Données brutes'!$BZ$2:$BZ$46),"") -> 0.20930233 | Q41: =IFERROR(COUNTIF('Données brutes'!$BZ$2:$BZ$46,4)/COUNT('Données brutes'!$BZ$2:$BZ$46),"") -> 0.23255814 | R41: =IFERROR(COUNTIF('Données brutes'!$BZ$2:$BZ$46,5)/COUNT('Données brutes'!$BZ$2:$BZ$46),"") -> 0.20930233 | S41: =IFERROR(COUNTIF('Données brutes'!$BZ$2:$BZ$46,">=4")/COUNT('Données brutes'!$BZ$2:$BZ$46),"") -> 0.44186047 | T41: =IFERROR(COUNTIF('Données brutes'!$BZ$2:$BZ$46,"<=2")/COUNT('Données brutes'!$BZ$2:$BZ$46),"") -> 0.34883721 | U41: =IFERROR(COUNTIF('Données brutes'!$BZ$2:$BZ$46,3)/COUNT('Données brutes'!$BZ$2:$BZ$46),"") -> 0.20930233 | V41: =45-COUNT('Données brutes'!$BZ$2:$BZ$46) -> 2
A42: VIII. Conditions technologiques (hybride / à distance) | B42: q43 | C42: Je me sens capable d'utiliser seul(e) une plateforme de formation en ligne. | E42: =COUNT('Données brutes'!$CG$2:$CG$46) -> 44 | F42: =IFERROR(AVERAGE('Données brutes'!$CG$2:$CG$46),"") -> 3.1590909 | G42: =IFERROR(STDEV('Données brutes'!$CG$2:$CG$46),"") -> 1.1194513 | H42: =IFERROR(MEDIAN('Données brutes'!$CG$2:$CG$46),"") -> 3 | I42: =COUNTIF('Données brutes'!$CG$2:$CG$46,1) -> 3 | J42: =COUNTIF('Données brutes'!$CG$2:$CG$46,2) -> 9 | K42: =COUNTIF('Données brutes'!$CG$2:$CG$46,3) -> 16 | L42: =COUNTIF('Données brutes'!$CG$2:$CG$46,4) -> 10 | M42: =COUNTIF('Données brutes'!$CG$2:$CG$46,5) -> 6 | N42: =IFERROR(COUNTIF('Données brutes'!$CG$2:$CG$46,1)/COUNT('Données brutes'!$CG$2:$CG$46),"") -> 0.068181818 | O42: =IFERROR(COUNTIF('Données brutes'!$CG$2:$CG$46,2)/COUNT('Données brutes'!$CG$2:$CG$46),"") -> 0.20454545 | P42: =IFERROR(COUNTIF('Données brutes'!$CG$2:$CG$46,3)/COUNT('Données brutes'!$CG$2:$CG$46),"") -> 0.36363636 | Q42: =IFERROR(COUNTIF('Données brutes'!$CG$2:$CG$46,4)/COUNT('Données brutes'!$CG$2:$CG$46),"") -> 0.22727273 | R42: =IFERROR(COUNTIF('Données brutes'!$CG$2:$CG$46,5)/COUNT('Données brutes'!$CG$2:$CG$46),"") -> 0.13636364 | S42: =IFERROR(COUNTIF('Données brutes'!$CG$2:$CG$46,">=4")/COUNT('Données brutes'!$CG$2:$CG$46),"") -> 0.36363636 | T42: =IFERROR(COUNTIF('Données brutes'!$CG$2:$CG$46,"<=2")/COUNT('Données brutes'!$CG$2:$CG$46),"") -> 0.27272727 | U42: =IFERROR(COUNTIF('Données brutes'!$CG$2:$CG$46,3)/COUNT('Données brutes'!$CG$2:$CG$46),"") -> 0.36363636 | V42: =45-COUNT('Données brutes'!$CG$2:$CG$46) -> 1
A43: VIII. Conditions technologiques (hybride / à distance) | B43: q44 | C43: Je suis à l'aise pour suivre un module de formation à distance sans accompagnement présentiel. | E43: =COUNT('Données brutes'!$CH$2:$CH$46) -> 44 | F43: =IFERROR(AVERAGE('Données brutes'!$CH$2:$CH$46),"") -> 3.3181818 | G43: =IFERROR(STDEV('Données brutes'!$CH$2:$CH$46),"") -> 1.1963652 | H43: =IFERROR(MEDIAN('Données brutes'!$CH$2:$CH$46),"") -> 3 | I43: =COUNTIF('Données brutes'!$CH$2:$CH$46,1) -> 4 | J43: =COUNTIF('Données brutes'!$CH$2:$CH$46,2) -> 6 | K43: =COUNTIF('Données brutes'!$CH$2:$CH$46,3) -> 14 | L43: =COUNTIF('Données brutes'!$CH$2:$CH$46,4) -> 12 | M43: =COUNTIF('Données brutes'!$CH$2:$CH$46,5) -> 8 | N43: =IFERROR(COUNTIF('Données brutes'!$CH$2:$CH$46,1)/COUNT('Données brutes'!$CH$2:$CH$46),"") -> 0.090909091 | O43: =IFERROR(COUNTIF('Données brutes'!$CH$2:$CH$46,2)/COUNT('Données brutes'!$CH$2:$CH$46),"") -> 0.13636364 | P43: =IFERROR(COUNTIF('Données brutes'!$CH$2:$CH$46,3)/COUNT('Données brutes'!$CH$2:$CH$46),"") -> 0.31818182 | Q43: =IFERROR(COUNTIF('Données brutes'!$CH$2:$CH$46,4)/COUNT('Données brutes'!$CH$2:$CH$46),"") -> 0.27272727 | R43: =IFERROR(COUNTIF('Données brutes'!$CH$2:$CH$46,5)/COUNT('Données brutes'!$CH$2:$CH$46),"") -> 0.18181818 | S43: =IFERROR(COUNTIF('Données brutes'!$CH$2:$CH$46,">=4")/COUNT('Données brutes'!$CH$2:$CH$46),"") -> 0.45454545 | T43: =IFERROR(COUNTIF('Données brutes'!$CH$2:$CH$46,"<=2")/COUNT('Données brutes'!$CH$2:$CH$46),"") -> 0.22727273 | U43: =IFERROR(COUNTIF('Données brutes'!$CH$2:$CH$46,3)/COUNT('Données brutes'!$CH$2:$CH$46),"") -> 0.31818182 | V43: =45-COUNT('Données brutes'!$CH$2:$CH$46) -> 1
A44: VIII. Conditions technologiques (hybride / à distance) | B44: q45 | C44: Une formation hybride (présentiel + distanciel) serait adaptée à mes conditions de travail actuelles. | E44: =COUNT('Données brutes'!$CI$2:$CI$46) -> 43 | F44: =IFERROR(AVERAGE('Données brutes'!$CI$2:$CI$46),"") -> 3.2093023 | G44: =IFERROR(STDEV('Données brutes'!$CI$2:$CI$46),"") -> 1.2828194 | H44: =IFERROR(MEDIAN('Données brutes'!$CI$2:$CI$46),"") -> 3 | I44: =COUNTIF('Données brutes'!$CI$2:$CI$46,1) -> 5 | J44: =COUNTIF('Données brutes'!$CI$2:$CI$46,2) -> 8 | K44: =COUNTIF('Données brutes'!$CI$2:$CI$46,3) -> 11 | L44: =COUNTIF('Données brutes'!$CI$2:$CI$46,4) -> 11 | M44: =COUNTIF('Données brutes'!$CI$2:$CI$46,5) -> 8 | N44: =IFERROR(COUNTIF('Données brutes'!$CI$2:$CI$46,1)/COUNT('Données brutes'!$CI$2:$CI$46),"") -> 0.11627907 | O44: =IFERROR(COUNTIF('Données brutes'!$CI$2:$CI$46,2)/COUNT('Données brutes'!$CI$2:$CI$46),"") -> 0.18604651 | P44: =IFERROR(COUNTIF('Données brutes'!$CI$2:$CI$46,3)/COUNT('Données brutes'!$CI$2:$CI$46),"") -> 0.25581395 | Q44: =IFERROR(COUNTIF('Données brutes'!$CI$2:$CI$46,4)/COUNT('Données brutes'!$CI$2:$CI$46),"") -> 0.25581395 | R44: =IFERROR(COUNTIF('Données brutes'!$CI$2:$CI$46,5)/COUNT('Données brutes'!$CI$2:$CI$46),"") -> 0.18604651 | S44: =IFERROR(COUNTIF('Données brutes'!$CI$2:$CI$46,">=4")/COUNT('Données brutes'!$CI$2:$CI$46),"") -> 0.44186047 | T44: =IFERROR(COUNTIF('Données brutes'!$CI$2:$CI$46,"<=2")/COUNT('Données brutes'!$CI$2:$CI$46),"") -> 0.30232558 | U44: =IFERROR(COUNTIF('Données brutes'!$CI$2:$CI$46,3)/COUNT('Données brutes'!$CI$2:$CI$46),"") -> 0.25581395 | V44: =45-COUNT('Données brutes'!$CI$2:$CI$46) -> 2
A45: VIII. Conditions technologiques (hybride / à distance) | B45: q46 | C45: Je serais prêt(e) à m'investir activement dans un dispositif de formation hybride si celui-ci était mis en place. | E45: =COUNT('Données brutes'!$CJ$2:$CJ$46) -> 45 | F45: =IFERROR(AVERAGE('Données brutes'!$CJ$2:$CJ$46),"") -> 3.1777778 | G45: =IFERROR(STDEV('Données brutes'!$CJ$2:$CJ$46),"") -> 1.1733574 | H45: =IFERROR(MEDIAN('Données brutes'!$CJ$2:$CJ$46),"") -> 3 | I45: =COUNTIF('Données brutes'!$CJ$2:$CJ$46,1) -> 4 | J45: =COUNTIF('Données brutes'!$CJ$2:$CJ$46,2) -> 8 | K45: =COUNTIF('Données brutes'!$CJ$2:$CJ$46,3) -> 16 | L45: =COUNTIF('Données brutes'!$CJ$2:$CJ$46,4) -> 10 | M45: =COUNTIF('Données brutes'!$CJ$2:$CJ$46,5) -> 7 | N45: =IFERROR(COUNTIF('Données brutes'!$CJ$2:$CJ$46,1)/COUNT('Données brutes'!$CJ$2:$CJ$46),"") -> 0.088888889 | O45: =IFERROR(COUNTIF('Données brutes'!$CJ$2:$CJ$46,2)/COUNT('Données brutes'!$CJ$2:$CJ$46),"") -> 0.17777778 | P45: =IFERROR(COUNTIF('Données brutes'!$CJ$2:$CJ$46,3)/COUNT('Données brutes'!$CJ$2:$CJ$46),"") -> 0.35555556 | Q45: =IFERROR(COUNTIF('Données brutes'!$CJ$2:$CJ$46,4)/COUNT('Données brutes'!$CJ$2:$CJ$46),"") -> 0.22222222 | R45: =IFERROR(COUNTIF('Données brutes'!$CJ$2:$CJ$46,5)/COUNT('Données brutes'!$CJ$2:$CJ$46),"") -> 0.15555556 | S45: =IFERROR(COUNTIF('Données brutes'!$CJ$2:$CJ$46,">=4")/COUNT('Données brutes'!$CJ$2:$CJ$46),"") -> 0.37777778 | T45: =IFERROR(COUNTIF('Données brutes'!$CJ$2:$CJ$46,"<=2")/COUNT('Données brutes'!$CJ$2:$CJ$46),"") -> 0.26666667 | U45: =IFERROR(COUNTIF('Données brutes'!$CJ$2:$CJ$46,3)/COUNT('Données brutes'!$CJ$2:$CJ$46),"") -> 0.35555556 | V45: =45-COUNT('Données brutes'!$CJ$2:$CJ$46) -> 0

Sheet Stats catégorielles
A1: Variable | B1: Question | C1: Modalité | D1: Effectif | E1: Pourcentage
A2: type_etablissement | B2: Type d'établissement | C2: Public | D2: =COUNTIF('Données brutes'!$F$2:$F$46,"Public") -> 19 | E2: =IFERROR(COUNTIF('Données brutes'!$F$2:$F$46,"Public")/COUNTA('Données brutes'!$F$2:$F$46),"") -> 0.43181818
A3: type_etablissement | B3: Type d'établissement | C3: Privé | D3: =COUNTIF('Données brutes'!$F$2:$F$46,"Privé") -> 25 | E3: =IFERROR(COUNTIF('Données brutes'!$F$2:$F$46,"Privé")/COUNTA('Données brutes'!$F$2:$F$46),"") -> 0.56818182
A5: sexe | B5: Sexe | C5: Masculin | D5: =COUNTIF('Données brutes'!$G$2:$G$46,"Masculin") -> 25 | E5: =IFERROR(COUNTIF('Données brutes'!$G$2:$G$46,"Masculin")/COUNTA('Données brutes'!$G$2:$G$46),"") -> 0.6097561
A6: sexe | B6: Sexe | C6: Féminin | D6: =COUNTIF('Données brutes'!$G$2:$G$46,"Féminin") -> 16 | E6: =IFERROR(COUNTIF('Données brutes'!$G$2:$G$46,"Féminin")/COUNTA('Données brutes'!$G$2:$G$46),"") -> 0.3902439
A8: age | B8: Âge | C8: moins de 30 ans | D8: =COUNTIF('Données brutes'!$H$2:$H$46,"moins de 30 ans") -> 11 | E8: =IFERROR(COUNTIF('Données brutes'!$H$2:$H$46,"moins de 30 ans")/COUNTA('Données brutes'!$H$2:$H$46),"") -> 0.25
A9: age | B9: Âge | C9: 30-39 ans | D9: =COUNTIF('Données brutes'!$H$2:$H$46,"30-39 ans") -> 10 | E9: =IFERROR(COUNTIF('Données brutes'!$H$2:$H$46,"30-39 ans")/COUNTA('Données brutes'!$H$2:$H$46),"") -> 0.22727273
A10: age | B10: Âge | C10: 40-49 ans | D10: =COUNTIF('Données brutes'!$H$2:$H$46,"40-49 ans") -> 8 | E10: =IFERROR(COUNTIF('Données brutes'!$H$2:$H$46,"40-49 ans")/COUNTA('Données brutes'!$H$2:$H$46),"") -> 0.18181818
A11: age | B11: Âge | C11: 50 ans et plus | D11: =COUNTIF('Données brutes'!$H$2:$H$46,"50 ans et plus") -> 15 | E11: =IFERROR(COUNTIF('Données brutes'!$H$2:$H$46,"50 ans et plus")/COUNTA('Données brutes'!$H$2:$H$46),"") -> 0.34090909
A13: anciennete | B13: Ancienneté dans l'enseignement | C13: moins de 5 ans | D13: =COUNTIF('Données brutes'!$I$2:$I$46,"moins de 5 ans") -> 12 | E13: =IFERROR(COUNTIF('Données brutes'!$I$2:$I$46,"moins de 5 ans")/COUNTA('Données brutes'!$I$2:$I$46),"") -> 0.27906977
A14: anciennete | B14: Ancienneté dans l'enseignement | C14: 5-10 ans | D14: =COUNTIF('Données brutes'!$I$2:$I$46,"5-10 ans") -> 7 | E14: =IFERROR(COUNTIF('Données brutes'!$I$2:$I$46,"5-10 ans")/COUNTA('Données brutes'!$I$2:$I$46),"") -> 0.1627907
A15: anciennete | B15: Ancienneté dans l'enseignement | C15: 11-20 ans | D15: =COUNTIF('Données brutes'!$I$2:$I$46,"11-20 ans") -> 12 | E15: =IFERROR(COUNTIF('Données brutes'!$I$2:$I$46,"11-20 ans")/COUNTA('Données brutes'!$I$2:$I$46),"") -> 0.27906977
A16: anciennete | B16: Ancienneté dans l'enseignement | C16: plus de 20 ans | D16: =COUNTIF('Données brutes'!$I$2:$I$46,"plus de 20 ans") -> 12 | E16: =IFERROR(COUNTIF('Données brutes'!$I$2:$I$46,"plus de 20 ans")/COUNTA('Données brutes'!$I$2:$I$46),"") -> 0.27906977
A18: statut | B18: Statut professionnel | C18: FE | D18: =COUNTIF('Données brutes'!$J$2:$J$46,"FE") -> 11 | E18: =IFERROR(COUNTIF('Données brutes'!$J$2:$J$46,"FE")/COUNTA('Données brutes'!$J$2:$J$46),"") -> 0.24444444
A19: statut | B19: Statut professionnel | C19: ACDPE | D19: =COUNTIF('Données brutes'!$J$2:$J$46,"ACDPE") -> 12 | E19: =IFERROR(COUNTIF('Données brutes'!$J$2:$J$46,"ACDPE")/COUNTA('Données brutes'!$J$2:$J$46),"") -> 0.26666667
A20: statut | B20: Statut professionnel | C20: AME | D20: =COUNTIF('Données brutes'!$J$2:$J$46,"AME") -> 22 | E20: =IFERROR(COUNTIF('Données brutes'!$J$2:$J$46,"AME")/COUNTA('Données brutes'!$J$2:$J$46),"") -> 0.48888889
A21: statut | B21: Statut professionnel | C21: Autre | D21: =COUNTIF('Données brutes'!$J$2:$J$46,"Autre") -> 0 | E21: =IFERROR(COUNTIF('Données brutes'!$J$2:$J$46,"Autre")/COUNTA('Données brutes'!$J$2:$J$46),"") -> 0
A23: diplome_pro | B23: Diplôme professionnel | C23: CAPES | D23: =COUNTIF('Données brutes'!$L$2:$L$46,"CAPES") -> 13 | E23: =IFERROR(COUNTIF('Données brutes'!$L$2:$L$46,"CAPES")/COUNTA('Données brutes'!$L$2:$L$46),"") -> 0.31707317
A24: diplome_pro | B24: Diplôme professionnel | C24: BAPES | D24: =COUNTIF('Données brutes'!$L$2:$L$46,"BAPES") -> 10 | E24: =IFERROR(COUNTIF('Données brutes'!$L$2:$L$46,"BAPES")/COUNTA('Données brutes'!$L$2:$L$46),"") -> 0.24390244
A25: diplome_pro | B25: Diplôme professionnel | C25: Licence Pro | D25: =COUNTIF('Données brutes'!$L$2:$L$46,"Licence Pro") -> 11 | E25: =IFERROR(COUNTIF('Données brutes'!$L$2:$L$46,"Licence Pro")/COUNTA('Données brutes'!$L$2:$L$46),"") -> 0.26829268
A26: diplome_pro | B26: Diplôme professionnel | C26: Master Pro | D26: =COUNTIF('Données brutes'!$L$2:$L$46,"Master Pro") -> 7 | E26: =IFERROR(COUNTIF('Données brutes'!$L$2:$L$46,"Master Pro")/COUNTA('Données brutes'!$L$2:$L$46),"") -> 0.17073171
A28: diplome_academique | B28: Diplôme académique | C28: BAC | D28: =COUNTIF('Données brutes'!$M$2:$M$46,"BAC") -> 8 | E28: =IFERROR(COUNTIF('Données brutes'!$M$2:$M$46,"BAC")/COUNTA('Données brutes'!$M$2:$M$46),"") -> 0.19047619
A29: diplome_academique | B29: Diplôme académique | C29: Licence | D29: =COUNTIF('Données brutes'!$M$2:$M$46,"Licence") -> 13 | E29: =IFERROR(COUNTIF('Données brutes'!$M$2:$M$46,"Licence")/COUNTA('Données brutes'!$M$2:$M$46),"") -> 0.30952381
A30: diplome_academique | B30: Diplôme académique | C30: Maîtrise | D30: =COUNTIF('Données brutes'!$M$2:$M$46,"Maîtrise") -> 11 | E30: =IFERROR(COUNTIF('Données brutes'!$M$2:$M$46,"Maîtrise")/COUNTA('Données brutes'!$M$2:$M$46),"") -> 0.26190476
A31: diplome_academique | B31: Diplôme académique | C31: Master | D31: =COUNTIF('Données brutes'!$M$2:$M$46,"Master") -> 10 | E31: =IFERROR(COUNTIF('Données brutes'!$M$2:$M$46,"Master")/COUNTA('Données brutes'!$M$2:$M$46),"") -> 0.23809524
A33: discipline | B33: Discipline enseignée (groupe) | C33: Lettres | D33: =COUNTIF('Données brutes'!$N$2:$N$46,"Lettres") -> 11 | E33: =IFERROR(COUNTIF('Données brutes'!$N$2:$N$46,"Lettres")/COUNTA('Données brutes'!$N$2:$N$46),"") -> 0.24444444
A34: discipline | B34: Discipline enseignée (groupe) | C34: Sciences et Technologies | D34: =COUNTIF('Données brutes'!$N$2:$N$46,"Sciences et Technologies") -> 17 | E34: =IFERROR(COUNTIF('Données brutes'!$N$2:$N$46,"Sciences et Technologies")/COUNTA('Données brutes'!$N$2:$N$46),"") -> 0.37777778
A35: discipline | B35: Discipline enseignée (groupe) | C35: Sciences Humaines | D35: =COUNTIF('Données brutes'!$N$2:$N$46,"Sciences Humaines") -> 8 | E35: =IFERROR(COUNTIF('Données brutes'!$N$2:$N$46,"Sciences Humaines")/COUNTA('Données brutes'!$N$2:$N$46),"") -> 0.17777778
